CustomerID,CustomerName,Email,Contact
1,Pernell,pahrendsen0@nature.com,540-750-8273
2,Eamon,ecoulter1@sohu.com,886-433-1915
3,Vasili,vharesnaip2@google.com.br,680-168-2592
4,Minda,mstollberg3@opensource.org,748-808-8707
5,Kirby,kknibbs4@cdbaby.com,641-665-1389
6,Thane,tpittaway5@deliciousdays.com,382-722-2457
7,Farlay,fswinford6@etsy.com,909-463-0103
8,Quentin,qdaout7@plala.or.jp,492-987-4304
9,Tabbie,tredon8@msn.com,562-236-6187
10,Friederike,fhales9@rambler.ru,801-941-5626
11,Audy,amixtera@php.net,358-329-5551
12,Natka,nlashbrookb@rakuten.co.jp,112-706-8457
13,Sylas,sbootmanc@kickstarter.com,759-729-1222
14,Niki,nmurdend@eepurl.com,275-884-0208
15,Bernhard,ballchine@msn.com,285-601-6228
16,Baryram,bredmondf@ocn.ne.jp,108-259-5560
17,Corliss,cporsong@unicef.org,107-795-4601
18,Kassia,kfayeh@foxnews.com,664-374-2755
19,Electra,eborketti@linkedin.com,363-472-0203
20,Alvina,awillattj@amazon.co.jp,928-666-2031
21,Shurwood,sputtnamk@alexa.com,705-500-3144
22,Roda,rassadl@reference.com,176-611-4815
23,Balduin,bjantotm@biblegateway.com,647-674-0058
24,Guillaume,gklemmtn@bizjournals.com,641-983-5141
25,Mic,mjasparo@house.gov,420-534-4584
26,Melicent,mwinsomep@ucoz.ru,186-224-7094
27,Griffy,gnewbandq@npr.org,430-200-9560
28,Georgina,gviscovir@reddit.com,733-985-3450
29,Griz,gwhittingtons@gnu.org,942-547-2309
30,Kylynn,ksendst@ehow.com,658-146-3399
31,Sheena,sogilbyu@scientificamerican.com,953-345-7714
32,Albina,aclarkv@wp.com,297-802-6720
33,Reinwald,randryushchenkow@java.com,455-693-1479
34,Mahala,mworhamx@upenn.edu,170-497-4377
35,Friedrick,fliliany@cocolog-nifty.com,115-293-5950
36,Stepha,schomleyz@exblog.jp,459-265-8889
37,Gardiner,gmatuszkiewicz10@flickr.com,113-453-3892
38,Casar,cmeiner11@google.pl,664-763-0007
39,Neille,nrosenvasser12@hp.com,447-263-1398
40,Georas,gvousden13@fc2.com,182-578-7665
41,Lynelle,lmackee14@reverbnation.com,240-127-2104
42,Bertha,blongman15@zimbio.com,871-465-2341
43,Edithe,ewhaplington16@macromedia.com,168-181-0659
44,Humphrey,hduigenan17@dropbox.com,316-648-2061
45,Shelby,slodge18@phoca.cz,202-875-2813
46,Hilarius,hgeharke19@google.de,918-279-9395
47,Tristan,tridewood1a@wisc.edu,612-839-1682
48,Celestine,cstains1b@mapquest.com,628-876-9651
49,Gwendolen,gchuck1c@youtube.com,174-914-9972
50,Penelopa,pbainbrigge1d@constantcontact.com,345-909-3615
51,Clementina,cbridson1e@accuweather.com,879-429-3472
52,Lauretta,lpickthorn1f@cdc.gov,898-995-3290
53,Matthew,mgouley1g@4shared.com,445-280-5778
54,Katti,kfrie1h@un.org,228-857-7443
55,Cayla,cengelmann1i@gnu.org,539-574-7485
56,Alisander,aklaiser1j@smh.com.au,833-382-7858
57,Carena,csoftley1k@walmart.com,289-421-8038
58,Chrotoem,cfassum1l@shutterfly.com,412-854-7687
59,Amaleta,aseville1m@shareasale.com,989-885-0838
60,Charline,cmatuszinski1n@umn.edu,748-519-1113
61,Iona,isorsbie1o@dailymail.co.uk,619-292-3662
62,Sheppard,scomettoi1p@theguardian.com,295-863-6064
63,Borg,bdallmann1q@list-manage.com,584-644-9087
64,Maggie,mshayes1r@yellowpages.com,455-129-2117
65,Lyon,lpascho1s@archive.org,318-123-6420
66,Rudolph,rlidster1t@mac.com,203-296-3423
67,Kellyann,kglavias1u@independent.co.uk,585-456-8575
68,Nickie,nstuttman1v@google.com,368-225-4862
69,Ange,adowling1w@howstuffworks.com,915-173-7091
70,Rafael,rhendrix1x@issuu.com,585-524-9890
71,Mirabel,mgiraths1y@hugedomains.com,454-672-0282
72,Lothario,llansbury1z@homestead.com,103-757-1344
73,Bobbie,bpembery20@delicious.com,368-824-8655
74,Jobyna,jwoliter21@google.ru,300-135-5164
75,Linea,ldorant22@businesswire.com,530-828-5124
76,Diahann,dgorse23@google.cn,480-778-9713
77,Hermon,hgoch24@nytimes.com,921-298-1839
78,Nathan,nhulks25@yolasite.com,178-554-4131
79,Deck,dplanks26@washington.edu,666-610-1296
80,Adolphe,aclayson27@google.pl,315-190-3910
81,Amerigo,arhodes28@deliciousdays.com,703-865-6800
82,Pauly,pmckeran29@posterous.com,733-626-7049
83,Hillary,hedmunds2a@hugedomains.com,824-209-0191
84,Errick,estump2b@globo.com,869-397-8470
85,Kiley,kfellona2c@wikimedia.org,256-423-6336
86,Sutherlan,swhitely2d@ask.com,571-370-4052
87,Nathaniel,ninglefield2e@noaa.gov,412-728-9858
88,Catharine,chanway2f@yale.edu,323-402-8314
89,Constanta,charrill2g@cornell.edu,341-871-4116
90,Artemus,athurley2h@cafepress.com,252-197-3405
91,Amity,apllu2i@princeton.edu,404-415-8421
92,Stewart,scarrol2j@posterous.com,547-660-6012
93,Corbin,cetheridge2k@webs.com,814-517-4185
94,Adrianna,adoey2l@barnesandnoble.com,443-204-8422
95,Siouxie,sklimuk2m@cdbaby.com,842-592-4213
96,Rafaelia,rkreber2n@soundcloud.com,946-951-9254
97,Neel,ntiernan2o@elpais.com,610-319-0655
98,Burl,bhartas2p@discuz.net,297-902-0356
99,Sibel,ssybe2q@godaddy.com,444-734-5524
100,Tallie,tsteinson2r@ed.gov,862-126-9167
101,Alonzo,ahammersley2s@dion.ne.jp,173-729-0735
102,Federica,frowntree2t@over-blog.com,368-592-2319
103,Tamar,truegg2u@spiegel.de,865-749-3615
104,Nicolas,ngreenroyd2v@yale.edu,526-295-4119
105,Cyrus,ckimbling2w@baidu.com,960-405-5451
106,Adolf,adantesia2x@dailymotion.com,634-280-2231
107,Olympia,orawsthorne2y@cam.ac.uk,113-694-0458
108,Beryl,bshimmings2z@telegraph.co.uk,996-358-1862
109,Hatty,htidridge30@hostgator.com,380-126-1888
110,Barbie,blenard31@cdbaby.com,992-428-6600
111,Elinore,etanton32@samsung.com,504-114-9810
112,Derward,dallinson33@reference.com,484-719-9941
113,Delcina,draynard34@slate.com,842-147-5289
114,Pate,pmcnish35@sitemeter.com,390-855-9948
115,Liva,lmackenzie36@wp.com,823-388-3319
116,Cyb,cgrigorini37@netscape.com,971-670-6600
117,Ami,ahobbing38@prnewswire.com,734-197-2687
118,Joshia,jbenedicte39@amazon.com,790-667-3729
119,Sergio,sgatman3a@t.co,390-139-2468
120,Jesselyn,jrecord3b@narod.ru,119-854-7297
121,Lacey,lgrzegorzewicz3c@friendfeed.com,422-865-1155
122,Ingram,ieastop3d@ted.com,241-718-7582
123,Guillemette,ggiacomello3e@google.com.br,656-357-7702
124,Brittni,bphidgin3f@blogtalkradio.com,955-485-5813
125,Shaina,schampain3g@example.com,281-279-2323
126,Arda,aflockhart3h@va.gov,559-711-5605
127,Cointon,cpeggrem3i@google.de,738-847-7440
128,Karen,kwardroper3j@mac.com,518-591-6201
129,Nananne,nkryzhov3k@japanpost.jp,594-813-3839
130,Domeniga,dnolton3l@nps.gov,410-144-5637
131,Clo,chumbert3m@istockphoto.com,427-131-5445
132,Connie,camer3n@lulu.com,584-421-6905
133,Hanni,hcordon3o@typepad.com,933-535-1875
134,Torie,tboraston3p@netvibes.com,653-484-3444
135,Marmaduke,mmargram3q@ca.gov,535-672-6671
136,Paloma,ppaulson3r@alibaba.com,816-565-5923
137,Hilliard,hgascoyen3s@army.mil,626-601-5834
138,Lemuel,loulett3t@mtv.com,452-294-4599
139,Emanuel,emenear3u@npr.org,779-284-5056
140,Brian,bold3v@sphinn.com,837-743-5454
141,Bailey,bscutchin3w@ox.ac.uk,702-755-1205
142,Lesya,lnorvell3x@bing.com,106-769-6667
143,Hillard,hemmens3y@cnn.com,185-223-9160
144,Hagan,heykelhof3z@typepad.com,549-604-5393
145,Lolita,lnettles40@jalbum.net,293-663-4037
146,Leeanne,leveringham41@studiopress.com,702-646-6933
147,Adamo,aspurrett42@hostgator.com,614-842-6346
148,Lorri,lcardew43@hatena.ne.jp,481-424-6333
149,Carl,cgroombridge44@blogs.com,768-631-7600
150,Jacquie,jnaisbet45@dyndns.org,976-103-9853
151,Olin,oramsay46@indiatimes.com,347-873-1422
152,Shayna,swhillock47@live.com,928-125-5966
153,Lanny,lbrychan48@illinois.edu,941-141-7710
154,Cristi,cgianuzzi49@meetup.com,789-146-1444
155,Olive,omelloi4a@newyorker.com,385-841-4835
156,Tedda,tguillet4b@java.com,917-714-3954
157,Worden,wpennaman4c@yahoo.co.jp,590-621-1681
158,Jodie,jfoffano4d@tamu.edu,345-942-1808
159,Brandy,bboreham4e@miibeian.gov.cn,105-599-9077
160,Willetta,wsantori4f@salon.com,360-726-8752
161,Scarface,skennally4g@yahoo.co.jp,175-318-1362
162,Ania,adienes4h@newsvine.com,655-644-0131
163,Aleta,aburras4i@multiply.com,304-809-1791
164,Alexi,abest4j@ustream.tv,982-674-1040
165,Lurlene,lcotterrill4k@moonfruit.com,493-915-5462
166,Tonie,tbartrum4l@wiley.com,126-428-9907
167,Colly,clebrom4m@shop-pro.jp,368-248-1317
168,Ardelia,acerro4n@linkedin.com,909-600-1277
169,Jase,jrecord4o@mysql.com,778-123-7018
170,Jeanette,jbrazil4p@princeton.edu,869-140-1228
171,Engelbert,eprimmer4q@mayoclinic.com,990-839-7378
172,Ford,fwike4r@disqus.com,602-680-7220
173,Josy,jjellis4s@umn.edu,827-517-0639
174,Silas,seuesden4t@so-net.ne.jp,803-416-9626
175,Armin,ayankishin4u@wordpress.org,367-539-9068
176,Daven,dzupa4v@digg.com,466-577-4387
177,Buddy,brelton4w@xinhuanet.com,278-516-7935
178,Andi,acowlam4x@sitemeter.com,188-170-0235
179,Sisile,scastagne4y@jigsy.com,234-803-1496
180,Kristen,kwiddowfield4z@wsj.com,605-669-0134
181,Mamie,mskipton50@auda.org.au,765-187-2403
182,Maynard,mmachon51@google.pl,650-957-6947
183,Ari,awinstanley52@nationalgeographic.com,344-157-3843
184,Loni,lluparti53@mediafire.com,591-329-6367
185,Seana,sgullan54@mediafire.com,896-499-6509
186,Kacy,kcharkham55@ucoz.ru,979-486-4176
187,Flossy,fmillam56@odnoklassniki.ru,273-572-6986
188,Joshia,jchriston57@twitter.com,536-984-4925
189,Marcille,msimek58@salon.com,843-414-3043
190,Trumann,tmoorhouse59@wp.com,917-363-4222
191,Hernando,hstoaks5a@discovery.com,114-722-4455
192,Cobby,cwiltshier5b@bloglines.com,323-977-4284
193,Milli,msaiz5c@prlog.org,424-968-1670
194,Ellerey,ebeswick5d@mysql.com,879-649-2301
195,Sondra,sfordham5e@amazon.co.jp,631-358-2694
196,Bernarr,brois5f@skyrock.com,570-312-8335
197,Moore,mmacian5g@github.com,158-149-3248
198,Hadlee,hfumagall5h@va.gov,520-235-6673
199,Lenci,lmccormick5i@oakley.com,793-726-5044
200,Alric,acurtoys5j@newsvine.com,570-467-7570
201,Marshall,mgarbott5k@4shared.com,613-882-6850
202,Theo,teamer5l@sphinn.com,964-591-3404
203,Perla,pvolage5m@cloudflare.com,742-273-2305
204,Jdavie,jdopson5n@nps.gov,650-661-3597
205,Kitty,kdoleman5o@boston.com,583-575-5397
206,Cary,cknivett5p@usa.gov,410-442-3753
207,Brenn,brolinson5q@ebay.co.uk,911-655-5930
208,Shadow,scootes5r@diigo.com,408-388-6452
209,Rafaello,rungaretti5s@goodreads.com,114-242-4171
210,Wendell,wpeaker5t@bloglines.com,795-200-4328
211,Carce,cbottelstone5u@flavors.me,386-179-9208
212,Hyacinthia,hgipp5v@domainmarket.com,522-701-9851
213,Costanza,carnolds5w@toplist.cz,240-428-2439
214,Alisun,amcelwee5x@noaa.gov,740-922-8010
215,Ediva,emaccostigan5y@hexun.com,496-989-6652
216,Angelita,awilliscroft5z@squarespace.com,391-696-9858
217,Lacie,lewbach60@de.vu,533-993-9105
218,Barby,bsibbons61@apache.org,101-537-1008
219,Fayre,fheinzler62@house.gov,783-288-3054
220,Jock,jgudd63@barnesandnoble.com,431-943-9485
221,Rea,rpumphrey64@yellowpages.com,662-816-4978
222,Yorker,yspurgeon65@ebay.com,955-926-0304
223,Cornell,cgockelen66@microsoft.com,646-598-5618
224,Guntar,gmalpass67@timesonline.co.uk,394-679-2204
225,George,gbreward68@va.gov,121-313-9328
226,Wood,whayth69@51.la,294-525-9557
227,Eleonore,eblazynski6a@networkadvertising.org,397-792-5650
228,Reggi,rtoyer6b@google.ru,220-780-0330
229,Regan,rwooding6c@cbslocal.com,514-293-1617
230,Elena,ekydd6d@newsvine.com,971-675-1589
231,Andria,awhipp6e@liveinternet.ru,456-375-6288
232,Sandro,sknightly6f@foxnews.com,129-270-0152
233,Dela,dgrebert6g@exblog.jp,667-882-0106
234,Karia,kcurrie6h@blogspot.com,422-945-1808
235,Drake,dyegorkov6i@so-net.ne.jp,813-986-4918
236,Alessandra,ajanout6j@creativecommons.org,451-854-7308
237,Rickey,rbampfield6k@dmoz.org,703-371-3412
238,Inglebert,ishacklady6l@domainmarket.com,639-430-6983
239,Norby,nmceniry6m@furl.net,310-178-0140
240,Daisey,drowcliffe6n@princeton.edu,574-744-2457
241,Tracy,tkinnerk6o@twitter.com,306-688-3565
242,Morten,mwellan6p@yellowbook.com,469-829-2458
243,Jennette,jkeppie6q@digg.com,294-613-6753
244,Justin,jstiebler6r@howstuffworks.com,198-927-8432
245,Fredek,fbarnhill6s@bloglovin.com,948-889-5922
246,Evonne,ehumpatch6t@google.fr,258-461-3872
247,Mollee,mgrimoldby6u@blogtalkradio.com,840-900-6179
248,Walton,wellens6v@hatena.ne.jp,970-475-7892
249,Betty,bizhaky6w@privacy.gov.au,647-634-6459
250,Beitris,bsapsed6x@issuu.com,747-659-0111
251,Sidney,sturrell6y@google.com,619-751-5686
252,Kory,kmorrad6z@fotki.com,499-984-6638
253,Noam,naldridge70@auda.org.au,225-256-9572
254,Tiebold,teglinton71@addtoany.com,167-553-4471
255,Torrie,tbaumford72@guardian.co.uk,223-270-0183
256,Rosemaria,rfreeth73@ocn.ne.jp,537-919-1892
257,Valeria,vcollidge74@washingtonpost.com,418-328-4643
258,Minna,mhuffy75@dailymail.co.uk,462-312-1827
259,Berkeley,bmil76@illinois.edu,152-280-1691
260,Ninetta,ngoulthorp77@indiatimes.com,843-763-0795
261,Nikki,nstares78@dagondesign.com,720-385-5014
262,Maurizia,mkerley79@unc.edu,879-469-3548
263,Trent,tbremmer7a@mail.ru,688-650-9109
264,Callie,cgut7b@google.ca,611-904-4291
265,Garrik,gormond7c@storify.com,879-623-9025
266,Devonna,dmcgloin7d@51.la,927-343-8270
267,Tiphany,tbrigge7e@rakuten.co.jp,953-584-9601
268,Pattin,pguerrier7f@java.com,407-338-6528
269,Lodovico,lchapleo7g@timesonline.co.uk,117-384-6625
270,Sigfried,scrampsey7h@desdev.cn,530-666-4394
271,Kore,kgilstoun7i@infoseek.co.jp,189-737-5927
272,Trixy,tscouler7j@paypal.com,402-114-6402
273,Jorrie,jlumsdall7k@bloglovin.com,977-105-8276
274,Mar,mburhouse7l@virginia.edu,625-591-9266
275,George,gsuggate7m@cnn.com,463-402-4923
276,Orelee,othurling7n@wsj.com,258-784-8022
277,Jannelle,jneno7o@sun.com,726-340-9629
278,Jodie,jkesteven7p@ifeng.com,848-989-7274
279,Kennan,klonsdale7q@wikimedia.org,690-424-5171
280,Alexis,aauchterlony7r@engadget.com,251-362-0947
281,Delilah,dgodby7s@wikipedia.org,199-496-3919
282,Luz,ltumbelty7t@statcounter.com,198-712-8390
283,Minne,mwestphal7u@tmall.com,990-148-8774
284,Trixi,tnoades7v@seattletimes.com,670-569-8270
285,Devina,dallchorn7w@ucsd.edu,895-256-1655
286,Tanner,tvanetti7x@ted.com,321-262-4762
287,Dov,dunwin7y@cbc.ca,479-115-5306
288,Florina,fwonter7z@washingtonpost.com,520-482-8123
289,Ronny,rhaverty80@hud.gov,702-820-1662
290,Helena,hbowen81@digg.com,957-287-5807
291,Ramona,rwhannel82@ucsd.edu,173-952-4252
292,Joshuah,jhodgets83@disqus.com,135-277-2313
293,Maye,miannetti84@statcounter.com,348-621-3404
294,Tuesday,thopkins85@tripod.com,380-742-1329
295,Goldarina,gshakle86@earthlink.net,807-190-4860
296,Gizela,gsuthworth87@tmall.com,811-135-0680
297,Hyacinthie,hstreak88@wsj.com,167-447-5693
298,Kelbee,kglisane89@epa.gov,872-267-4607
299,Edwin,enottingam8a@rakuten.co.jp,486-535-7042
300,Blake,blovelady8b@sphinn.com,823-933-4626
301,Letta,lwellen8c@sohu.com,102-954-9922
302,Jayne,jcamous8d@tripadvisor.com,974-105-0958
303,Barron,baslet8e@archive.org,658-313-0583
304,Griff,gkerkham8f@slideshare.net,578-704-8390
305,Rene,roneal8g@nhs.uk,462-665-2585
306,Alidia,aranscome8h@hao123.com,742-178-8848
307,Lucita,lthornber8i@gov.uk,441-167-3302
308,Ania,avarley8j@ox.ac.uk,261-207-5446
309,Brant,bbeagley8k@ning.com,875-994-9613
310,Bradly,bparlor8l@discovery.com,276-805-3650
311,Chrystel,cscade8m@surveymonkey.com,321-374-8221
312,Noami,nspendlove8n@japanpost.jp,571-422-2305
313,Ambrosi,asmithe8o@usatoday.com,879-824-3416
314,Clerc,csindell8p@mac.com,334-522-7639
315,Cornie,chylden8q@answers.com,221-279-6286
316,Cathlene,csesons8r@spiegel.de,217-145-7153
317,Reina,rerrett8s@utexas.edu,929-800-8026
318,Leisha,llashmar8t@xing.com,171-217-0376
319,Hort,hlamberth8u@ycombinator.com,388-620-9012
320,Prisca,prevans8v@berkeley.edu,255-297-1632
321,Faun,fbenka8w@storify.com,205-146-7788
322,Dominica,dforty8x@boston.com,510-435-8987
323,Isidoro,ihickenbottom8y@domainmarket.com,192-446-3378
324,Bryna,brigolle8z@meetup.com,523-122-6517
325,Jacqueline,jpawle90@addthis.com,785-726-0267
326,Jean,jfley91@narod.ru,814-695-9343
327,Giff,gsaltman92@squidoo.com,403-755-7765
328,Murvyn,mmatessian93@domainmarket.com,484-338-5222
329,Alvis,awinston94@feedburner.com,428-788-1951
330,Everett,ecanas95@loc.gov,363-248-0261
331,L;urette,lbottinelli96@twitpic.com,531-747-1991
332,Berton,bogeaney97@theatlantic.com,807-707-7200
333,Lori,lbearham98@google.fr,937-719-5279
334,Rhett,rpixton99@seattletimes.com,413-304-2203
335,Lacee,lgelland9a@homestead.com,201-679-0113
336,Milli,mburch9b@sina.com.cn,798-407-4996
337,Klarrisa,kyashnov9c@com.com,471-728-5342
338,Dollie,dcella9d@spiegel.de,429-169-2432
339,Karlie,keyree9e@hao123.com,355-489-5351
340,Jeffie,jacreman9f@craigslist.org,734-488-3879
341,Kellyann,kzimmer9g@mozilla.com,561-214-3987
342,Adelina,abranche9h@unc.edu,868-331-3890
343,Flem,fdupre9i@google.com.br,233-618-1259
344,Nolan,nbrendel9j@apple.com,259-422-3522
345,Athena,aerdis9k@latimes.com,797-305-5909
346,Lyman,lhenricsson9l@addthis.com,553-185-3009
347,Paulie,pkellog9m@feedburner.com,685-391-7633
348,Friederike,ffarherty9n@imageshack.us,343-567-1807
349,Levi,lgalpen9o@mail.ru,546-925-0980
350,Feodor,fbrasener9p@mapquest.com,912-150-6141
351,Aila,amcauliffe9q@prweb.com,377-852-6391
352,Kristofer,kfleming9r@cbc.ca,355-904-8269
353,Lorant,lbucktrout9s@virginia.edu,265-852-4635
354,Helene,hdelascy9t@fda.gov,676-419-8266
355,Victoria,vjovicevic9u@youtube.com,598-133-8461
356,Mercy,mpasley9v@sphinn.com,434-825-8756
357,Mortimer,mabbots9w@psu.edu,738-311-0719
358,Jandy,jscritch9x@mac.com,753-242-0095
359,Hadleigh,hjanman9y@wp.com,693-269-4685
360,Whitby,weidelman9z@house.gov,694-206-9622
361,Albina,aleedesa0@ezinearticles.com,470-152-3028
362,Arvie,apomeroya1@jugem.jp,709-769-3075
363,Aurelie,abenoeya2@mtv.com,989-580-1538
364,Farley,ftetleya3@google.pl,423-477-8515
365,Nikita,naasafa4@npr.org,377-289-7699
366,Bonni,bswanbournea5@reuters.com,785-296-0744
367,Dory,dwaldera6@ucoz.ru,646-413-0375
368,Orella,ofarriara7@gnu.org,348-835-6428
369,Carola,carchibolda8@google.es,479-729-0179
370,Meggi,mmccurdya9@whitehouse.gov,598-426-8204
371,Carmine,cspracklingaa@chicagotribune.com,252-785-2737
372,Imogen,igoaleyab@nbcnews.com,930-667-6581
373,Jody,jirwinac@mtv.com,629-672-9624
374,Ernesto,edunkleead@techcrunch.com,817-178-2500
375,Andree,astilingae@huffingtonpost.com,607-835-4945
376,Saxe,scoulthurstaf@psu.edu,192-878-2150
377,Yule,ymcgahyag@ning.com,140-823-3154
378,Brion,bplaskettah@state.tx.us,144-617-9987
379,Jen,jlittrellai@themeforest.net,879-720-3884
380,Garrott,gspraggonaj@ucoz.com,875-920-7131
381,Siouxie,schesmanak@drupal.org,382-364-4064
382,Tony,tmcguffal@blogger.com,727-984-6776
383,Corena,cohogertieam@icio.us,952-431-7770
384,Micheline,mhynaman@usa.gov,590-127-7128
385,Abbie,athompstoneao@buzzfeed.com,443-425-9797
386,Othelia,ocrumpeap@eventbrite.com,598-805-6935
387,Earl,ewillshearaq@live.com,338-608-5082
388,Liza,lhurichar@pcworld.com,520-718-8970
389,Valencia,vjozwikas@hostgator.com,853-380-1839
390,Ev,eangrickat@reuters.com,856-392-5796
391,Else,ebrachau@pen.io,863-652-1052
392,Madalena,msambathav@multiply.com,776-393-7908
393,Marlyn,mtregidgaaw@hibu.com,716-194-8923
394,Arie,ademangelax@4shared.com,125-517-9950
395,Kaitlyn,kquerrarday@slideshare.net,702-591-4260
396,Thebault,tbaldreeaz@vistaprint.com,994-147-7550
397,Arch,aswarbriggb0@bloglines.com,468-761-2273
398,Wait,wolehaneb1@printfriendly.com,736-251-7047
399,Simonette,ssturleyb2@plala.or.jp,618-604-8168
400,Krissy,ksalzbergb3@bravesites.com,391-559-8425
401,Elisabetta,ehollyerb4@unesco.org,678-990-1283
402,Elfreda,elustyb5@vkontakte.ru,363-694-1585
403,Antonietta,aredolfib6@comcast.net,307-397-6875
404,Parry,pcornockb7@sogou.com,171-521-1790
405,Valida,vcanterob8@nifty.com,864-689-3999
406,Trever,tmacduffieb9@tumblr.com,174-330-0831
407,Emyle,eartinstallba@tripadvisor.com,328-967-3799
408,Bella,bshoutbb@huffingtonpost.com,294-405-6329
409,Regan,rloosbc@boston.com,905-718-9408
410,Erik,eridesbd@google.fr,585-687-6230
411,Noellyn,nantognonibe@google.pl,470-480-5675
412,Koral,kaslinbf@yellowbook.com,407-652-7331
413,Grantham,gsnodingbg@ihg.com,535-605-1272
414,Dewitt,dstilemanbh@ed.gov,860-276-3730
415,Cherilynn,cvinallbi@deviantart.com,646-246-4969
416,Abby,asnellingbj@ftc.gov,358-662-5409
417,Bonita,bbelamybk@timesonline.co.uk,110-148-1607
418,Sidnee,sparadinbl@canalblog.com,740-839-1578
419,Ferdie,fwillersonbm@trellian.com,372-710-9308
420,Cristabel,ckelfbn@vk.com,367-295-9426
421,Annabella,ahewsonbo@csmonitor.com,390-546-4211
422,Ansel,ahoogendorpbp@patch.com,135-786-3700
423,Rawley,rblaszczynskibq@twitter.com,923-430-8962
424,Calida,cdenneybr@smugmug.com,140-469-6371
425,Arda,arapibs@earthlink.net,230-638-3122
426,Brittan,bioselevichbt@ucsd.edu,702-243-2239
427,Annalise,awintersbu@nytimes.com,673-866-2593
428,Myranda,mmoulsdallbv@phoca.cz,973-204-4326
429,Fletch,fflattmanbw@goodreads.com,406-918-5750
430,Jewel,jfontesbx@newyorker.com,931-968-8983
431,Vin,veldonby@webeden.co.uk,328-389-6038
432,Webster,wtorregianibz@wikipedia.org,821-736-3016
433,Orin,odoolandc0@blogspot.com,631-312-0572
434,Selie,saleninc1@marketwatch.com,335-704-8408
435,Ruby,rrylancec2@qq.com,351-244-7906
436,Derk,djeffreysc3@prlog.org,730-737-4379
437,Leese,lcroxleyc4@columbia.edu,133-903-4595
438,Abeu,akohnertc5@taobao.com,686-449-2614
439,Abdel,adomenicic6@bbc.co.uk,851-694-6792
440,Sheridan,smellonc7@shareasale.com,558-643-4809
441,Chery,cwildmanc8@homestead.com,458-787-5988
442,Sharline,sdullinghamc9@ezinearticles.com,372-866-0644
443,Karoly,khubeauxca@hostgator.com,449-972-1053
444,Cull,csneddoncb@omniture.com,287-938-6284
445,Rowen,rpinwellcc@mysql.com,315-710-9665
446,Marjy,mclaughtoncd@springer.com,367-836-1486
447,Renado,rbaldersonce@bbb.org,425-318-7766
448,Danna,ddelorenzocf@blinklist.com,997-184-0263
449,Koren,kpettcg@senate.gov,269-279-6089
450,Taylor,tmartlandch@forbes.com,814-858-1477
451,Benoit,baymesci@hud.gov,202-977-8970
452,Brock,brozanskicj@webs.com,944-134-6320
453,Noel,nhuebnerck@hexun.com,633-135-5128
454,Anatollo,asangarcl@globo.com,509-715-7729
455,Lucien,liorizzocm@cmu.edu,452-691-0035
456,Eustacia,eostcn@epa.gov,381-985-3107
457,Otis,onorkerco@skyrock.com,363-865-4171
458,Adrienne,aempscp@dagondesign.com,227-213-0043
459,Timmie,trobbelcq@lycos.com,455-823-6864
460,Jacquetta,jmowlamcr@cbsnews.com,652-796-2940
461,Marti,malberscs@freewebs.com,775-895-3370
462,Harriette,hfraczkiewiczct@ucoz.com,295-598-9431
463,Hollyanne,horeagancu@about.me,486-467-1691
464,Leeanne,lmathisoncv@mlb.com,543-300-8543
465,Shaun,sglackencw@bloglines.com,201-902-7873
466,Thaddus,tquinioncx@addthis.com,336-353-5238
467,Margeaux,mbuschcy@indiegogo.com,476-914-4047
468,Kessiah,kwatkinsoncz@yahoo.com,802-704-9422
469,Shaughn,sspryd0@squidoo.com,983-635-9140
470,Chad,callbutd1@marriott.com,368-919-3846
471,Elton,ebrailsfordd2@miitbeian.gov.cn,965-681-3617
472,Towney,tbrissed3@ted.com,662-928-7665
473,Trudy,treddled4@nytimes.com,519-539-8573
474,Kriste,kprestied5@imageshack.us,555-655-8236
475,Luz,lhadeked6@yahoo.com,535-671-1625
476,Emalia,epirnied7@aboutads.info,611-100-1962
477,Goran,gtremelland8@ezinearticles.com,827-267-7053
478,Ellwood,evaloisd9@businessweek.com,353-393-5860
479,Margret,mspofforthda@dyndns.org,758-771-7974
480,Adria,aberndtssendb@plala.or.jp,321-136-8128
481,Chrissy,cenrightdc@chicagotribune.com,429-692-1299
482,Wilfrid,wexpositodd@mit.edu,275-435-2620
483,Oralle,ohelmkede@miibeian.gov.cn,598-288-6350
484,Gae,gtasseldf@mapy.cz,573-687-9407
485,Trstram,tgysedg@livejournal.com,268-849-7181
486,Lin,lhubbledh@smugmug.com,431-181-4329
487,Ebenezer,eolphertdi@geocities.jp,711-288-3034
488,Holt,hhendrendj@usgs.gov,543-846-4836
489,Astrid,anawtondk@nps.gov,606-913-8195
490,Roberta,rdawberdl@facebook.com,869-921-3730
491,Atlanta,asmurfitdm@china.com.cn,697-129-4597
492,Jo,jtoomerdn@home.pl,957-406-0605
493,Shamus,sstanyarddo@blogger.com,710-886-0535
494,Alejandro,aweldrakedp@networkadvertising.org,166-704-1155
495,Timmie,tyaakovdq@fc2.com,626-857-1819
496,Wake,wleybandr@bandcamp.com,699-618-0494
497,Christiano,cbonnards@si.edu,962-142-5204
498,Cathleen,cvanlintdt@soup.io,236-754-2525
499,Yalonda,ysharnockdu@live.com,694-981-3886
500,Odella,oroizindv@bloglovin.com,472-725-0796
501,Guss,gdiruggierodw@webs.com,283-576-5329
502,Edlin,eveyseydx@google.com.hk,410-133-1679
503,Judie,jhamsherdy@jalbum.net,939-522-6115
504,Corbett,chaughiandz@woothemes.com,493-496-6960
505,Ashely,agroge0@vistaprint.com,472-815-7508
506,Caroline,cduffuse1@businessinsider.com,286-565-2796
507,Zachary,zsergante2@alexa.com,449-151-1974
508,Shelia,scrowee3@independent.co.uk,868-944-9596
509,Godfry,gephgravee4@icio.us,274-713-4347
510,Kali,kdackee5@lulu.com,415-812-7643
511,Darb,dlancastere6@woothemes.com,660-615-4670
512,Sasha,scianie7@vkontakte.ru,439-563-0615
513,Sheelagh,sbeveredgee8@toplist.cz,776-679-3184
514,Moreen,mbime9@bloomberg.com,471-586-1360
515,Blinni,bpithieea@flickr.com,745-775-8043
516,Shina,skuhleb@ted.com,165-761-1289
517,Eadie,egledstaneec@1und1.de,763-238-9447
518,Lorant,lperviewed@altervista.org,339-543-3765
519,Christophe,cgrabertee@cargocollective.com,975-832-9660
520,Amery,adanaef@sitemeter.com,858-593-7044
521,Hillary,hmackneiseg@bloglines.com,472-166-2093
522,Kore,kkonzelmanneh@360.cn,180-629-7870
523,Fransisco,fvermanei@china.com.cn,164-592-8423
524,Lita,ldriuzziej@goo.ne.jp,668-195-1951
525,Neils,naldhamek@1und1.de,931-705-6918
526,Katha,kaddekinel@devhub.com,484-279-4331
527,Ferdinande,faldwichem@google.co.uk,595-484-7591
528,Kari,kradbonden@mashable.com,423-712-5547
529,Thekla,tvandenhofeo@japanpost.jp,418-865-8497
530,Reyna,rcoughlanep@tamu.edu,865-957-9730
531,Valenka,vabotsoneq@mediafire.com,170-531-5352
532,Moyna,mpeopleer@sphinn.com,884-938-5096
533,Phedra,pbyerses@illinois.edu,546-570-5091
534,Olwen,osimpoleet@blogs.com,725-909-6699
535,Hewitt,hguyeu@fastcompany.com,328-964-7726
536,Nealy,nblaxelandev@gizmodo.com,529-192-9953
537,Harrie,hmulvanyew@alexa.com,982-749-0284
538,Kellen,kroyseex@cdbaby.com,618-326-3752
539,Rozanne,rforderey@reuters.com,626-391-5022
540,Kyla,kclemontsez@flickr.com,843-608-2799
541,Jorie,jdahlenf0@infoseek.co.jp,451-888-9790
542,Selie,spauelf1@google.com.au,470-195-5139
543,Fonsie,fammerf2@cocolog-nifty.com,619-988-5744
544,Melesa,mgillisonf3@de.vu,129-799-6401
545,Gaye,gcundictf4@rediff.com,911-862-8096
546,Brnaby,bdennessf5@mysql.com,239-971-7964
547,Ophelie,owolfef6@artisteer.com,863-538-0008
548,Engelbert,epleavinf7@cbc.ca,240-905-5832
549,Estelle,ehourstonf8@europa.eu,192-696-2446
550,Birgit,bgiovannardif9@senate.gov,122-706-6665
551,Paula,pbicknellfa@mayoclinic.com,651-365-0596
552,Jania,jcoytefb@ezinearticles.com,165-279-1312
553,Joella,jneyfc@unblog.fr,866-387-3941
554,Chrissy,clongmuirfd@cnn.com,336-472-8034
555,Fredi,fscarsbrookfe@deviantart.com,413-490-2261
556,Emmit,ecordeyff@mit.edu,687-934-2278
557,Michaelina,mmcgallfg@nsw.gov.au,360-246-9626
558,Penni,ppersianfh@ovh.net,818-965-6435
559,Starlin,scorradettifi@oracle.com,167-896-7958
560,Augustine,afraanchyonokfj@vistaprint.com,839-684-3513
561,Mano,mpeddersenfk@gizmodo.com,962-251-9335
562,Maxie,mclivefl@networkadvertising.org,700-139-7151
563,Anton,aayarsfm@prweb.com,525-621-2517
564,Costanza,cwoliterfn@slideshare.net,112-727-7785
565,Beret,bnewcombfo@squarespace.com,208-769-9247
566,Melicent,mashwellfp@illinois.edu,587-708-3786
567,Perceval,pscogginfq@tripod.com,846-971-6148
568,Susana,sguirardfr@pcworld.com,155-419-4840
569,Walton,wokifs@eepurl.com,547-144-7095
570,Nicolea,ntixallft@mail.ru,902-602-0799
571,Danni,dbettanayfu@multiply.com,176-697-9832
572,Walsh,wleningfv@blinklist.com,109-406-5387
573,Leone,lberthelmotfw@edublogs.org,335-445-4436
574,Jeanine,jrobathamfx@paypal.com,843-940-1928
575,Noland,nenriquesfy@constantcontact.com,599-648-2416
576,Margaretta,mdionisettifz@noaa.gov,918-176-6085
577,Thorstein,twernyg0@bbb.org,487-975-8232
578,Bren,bpiggottg1@alexa.com,823-542-0732
579,Eustacia,ehartleburyg2@bbc.co.uk,211-271-7064
580,Wenda,wpetog3@example.com,676-972-6810
581,Drusy,dmacmechang4@vimeo.com,254-189-8417
582,Vale,vyarng5@4shared.com,293-436-3828
583,Yankee,ymanniong6@cargocollective.com,870-798-8855
584,Rochelle,rgaskellg7@sohu.com,282-892-5901
585,Jonathan,jsillitoeg8@cocolog-nifty.com,398-286-5137
586,Bryn,bkenninghamg9@fema.gov,323-425-5568
587,Gibby,grudyardga@intel.com,682-260-7876
588,Simone,sbaignardgb@wp.com,483-745-3889
589,Jackqueline,jlargentgc@aol.com,855-665-6373
590,Adriena,aripleygd@imdb.com,325-450-4445
591,Ravid,rmaciaszczykge@washington.edu,464-147-5566
592,Merrili,mwapolgf@blogspot.com,872-804-2238
593,Meggi,mribougg@forbes.com,183-945-2092
594,Donny,dsampsongh@tinypic.com,549-350-7008
595,Patrice,pmatiewegi@berkeley.edu,659-310-1555
596,Antonio,akinvergj@bloglovin.com,773-841-2551
597,Raddy,rcordeirogk@livejournal.com,738-804-5437
598,Hulda,hmalthousegl@jugem.jp,290-375-2681
599,Tarah,tsonesgm@theguardian.com,903-799-9286
600,Jerrie,jhaimegn@statcounter.com,123-190-1761
601,Tamas,tcaldrongo@ebay.com,977-342-3127
602,Lorie,lharlingp@tuttocitta.it,630-614-0091
603,Grace,gortasgq@github.io,456-292-1299
604,Astrix,ajaquissgr@opera.com,408-271-6624
605,Marina,mdeavallgs@gnu.org,956-530-0722
606,Pacorro,pfomichyovgt@ucoz.com,300-899-7105
607,Anders,aalpingu@sina.com.cn,136-318-2752
608,Kiley,kphlipongv@arstechnica.com,460-442-5692
609,Shanon,shisemangw@canalblog.com,722-598-8282
610,Genovera,gstegellgx@soundcloud.com,607-471-5302
611,Bernette,baptedgy@fc2.com,946-282-7852
612,Albert,arobkergz@indiatimes.com,213-884-5723
613,Cinnamon,ceverardh0@spotify.com,184-904-9666
614,Rubi,rdissmanh1@census.gov,663-144-8172
615,Kimmi,klaurischh2@addtoany.com,218-930-1128
616,Gerik,gianittelloh3@mit.edu,356-776-2007
617,Andres,akocherh4@ning.com,516-613-0249
618,Damon,dfinlasonh5@dedecms.com,337-612-4443
619,Hadlee,hrigneyh6@answers.com,703-646-9080
620,Wheeler,wdarbenh7@goodreads.com,872-712-4575
621,Arv,awoodnutth8@prnewswire.com,940-408-1685
622,Marve,mbennoughh9@arstechnica.com,224-733-7773
623,Dore,dsimondsonha@barnesandnoble.com,218-695-3718
624,Andrey,abrugdenhb@dell.com,274-626-4972
625,Emelen,epiesoldhc@dell.com,783-482-0062
626,Yalonda,ysadlierhd@intel.com,418-659-3773
627,Doralyn,dogushe@booking.com,656-258-5762
628,Rodd,rvernauhf@skype.com,612-566-4548
629,Merrick,mdanilyakhg@dailymotion.com,986-568-4505
630,Nada,nlivoirhh@aboutads.info,694-250-1869
631,Demetri,dhuttenhi@gmpg.org,295-673-1676
632,Stormie,sdredgehj@blogtalkradio.com,797-782-6693
633,Karia,kastallhk@facebook.com,631-230-1946
634,Domenic,ddearnalyhl@delicious.com,622-107-6862
635,Cyndi,cbrosehm@youtube.com,196-783-3869
636,Cindi,cmayhouhn@mapy.cz,931-993-4732
637,Jed,jmcarthurho@aboutads.info,650-690-5359
638,Sayres,sduffethp@microsoft.com,435-929-5237
639,Tatiania,twebenhq@huffingtonpost.com,287-572-3660
640,Vidovic,vsaladinehr@wired.com,778-152-5479
641,Bendick,bbirdseyhs@virginia.edu,715-318-3294
642,Lorry,lmoyceht@sfgate.com,557-203-6502
643,Sauveur,sbollenhu@boston.com,289-795-7588
644,Marylynne,mdrablehv@yelp.com,572-396-5613
645,Yolanda,ymembryhw@bloomberg.com,437-609-6726
646,Krissie,kbriarhx@webeden.co.uk,491-474-6216
647,Shaylah,srawlinghy@sohu.com,534-420-1208
648,Dalton,demelinehz@vinaora.com,192-600-1570
649,Belia,boldroydei0@admin.ch,442-489-6957
650,Nananne,nrosei1@ox.ac.uk,271-539-1082
651,Elaine,enormanelli2@newyorker.com,882-576-8686
652,Gena,gcoathi3@msu.edu,284-639-6349
653,Rorke,rpickthorni4@altervista.org,637-153-7967
654,Creigh,cbriki5@thetimes.co.uk,460-566-2092
655,Leonore,lharbroni6@ucoz.ru,825-173-1612
656,Judie,jmargremi7@simplemachines.org,340-980-9074
657,Quintana,qbemmenti8@bing.com,746-968-4834
658,Claire,cderryi9@tripadvisor.com,236-813-1441
659,Ailina,adellabbateia@dailymotion.com,554-866-4264
660,Brennan,bpirrieib@aboutads.info,458-684-3293
661,Hephzibah,hgolagleyic@mashable.com,461-635-8385
662,Reinhard,rtharmeid@walmart.com,536-589-0510
663,Sib,scornelissenie@marketwatch.com,636-420-9382
664,Tremayne,tlindellif@constantcontact.com,268-608-6700
665,Charis,cneedsig@bbc.co.uk,657-108-6584
666,Dottie,dfusterih@yolasite.com,918-420-5893
667,Job,jbarterii@sfgate.com,148-212-5143
668,Dietrich,dallrightij@mozilla.com,585-110-6953
669,Elnar,ebrandelik@cargocollective.com,137-335-3967
670,Kellia,kcattanachil@creativecommons.org,261-690-7377
671,Adriano,apadilloim@mozilla.com,685-586-7529
672,Honey,hseedsin@msn.com,100-752-6630
673,Ofella,osimonssonio@un.org,424-471-8904
674,Keelby,kcadamyip@is.gd,191-552-6406
675,Kim,klowneiq@miitbeian.gov.cn,309-786-3907
676,Tera,thuyhtonir@sciencedaily.com,809-734-5418
677,Biron,brozalskiis@ocn.ne.jp,842-715-9742
678,Odette,obrehautit@diigo.com,245-321-1792
679,Clarabelle,cbunniu@cam.ac.uk,567-507-3111
680,Marji,mgartsideiv@diigo.com,969-365-5694
681,Heloise,hhalworthiw@pcworld.com,453-435-8169
682,Gillian,gbentix@princeton.edu,617-781-2544
683,Holden,hmansouriy@guardian.co.uk,410-766-9318
684,Giff,grodliffiz@trellian.com,995-241-3810
685,Dennis,dscuttsj0@seattletimes.com,667-531-3056
686,Burk,bovendonj1@alexa.com,855-117-5165
687,Brant,bleallj2@wiley.com,764-233-3815
688,Bowie,bfosdikej3@list-manage.com,950-939-3044
689,Nichole,nmillhousej4@usgs.gov,336-229-3710
690,Alexis,askrynej5@skyrock.com,893-232-2090
691,Clementius,csexceyj6@dailymail.co.uk,940-121-0589
692,Minerva,mstovenj7@sakura.ne.jp,839-621-0128
693,Ad,arentalllj8@cdc.gov,273-784-5322
694,Pierrette,pbercerosj9@bbb.org,954-178-1961
695,Melantha,mchatainja@merriam-webster.com,102-476-5920
696,Trista,tlanferejb@ftc.gov,418-790-1246
697,Shell,svallancejc@mtv.com,219-377-0816
698,Leroy,leulerjd@list-manage.com,982-434-6137
699,Lyell,lsinnettje@redcross.org,268-411-4511
700,Brett,bcathcartjf@comsenz.com,347-845-5027
701,Ferris,fhukinjg@sciencedirect.com,875-383-8011
702,Arabel,aamissjh@google.com.br,137-626-5595
703,Perla,pglackinji@tinypic.com,214-263-2916
704,Jennette,jbarwickjj@gov.uk,698-600-9349
705,Lloyd,lpinchjk@etsy.com,727-131-3681
706,Bax,bsalzbergjl@hibu.com,844-355-9288
707,Alphonse,astrotonejm@techcrunch.com,130-553-8624
708,Tadeas,tdeancywillisjn@prnewswire.com,864-588-3178
709,Madeline,mdoellejo@theglobeandmail.com,768-568-2633
710,Nobe,nduffelljp@economist.com,359-635-6791
711,Orbadiah,osimonnetjq@hp.com,407-356-5457
712,Irita,ipashjr@yelp.com,282-719-9484
713,Angelique,aangelojs@businessweek.com,607-557-1819
714,Rabbi,radriennejt@hatena.ne.jp,207-452-0326
715,Dev,dmartelju@latimes.com,556-981-0778
716,Martin,mgyngelljv@ucoz.ru,900-602-3235
717,Corey,cquineyjw@cnet.com,919-267-7893
718,Nicko,nwranklingjx@qq.com,399-794-2748
719,Brana,bschottlijy@privacy.gov.au,391-854-7306
720,Gerianna,gfootittjz@baidu.com,662-770-1110
721,Roseanne,rdousek0@tinypic.com,706-373-3740
722,Jesselyn,jhugillk1@wordpress.com,889-572-6065
723,Tricia,telvenk2@admin.ch,886-382-5306
724,Alanna,asaunperk3@bbc.co.uk,853-214-5638
725,Consuela,cdiemerk4@opensource.org,109-967-3509
726,Inger,igruszeckik5@clickbank.net,933-989-0160
727,Wolf,wtaborrek6@eventbrite.com,861-621-5062
728,Jordan,jpuesk7@cisco.com,742-579-3077
729,Teodorico,trochk8@marriott.com,831-246-8282
730,Ralina,romoylank9@ustream.tv,913-203-8893
731,Pren,pcolleerka@ft.com,164-945-0552
732,Katy,kgracekb@ameblo.jp,865-187-4370
733,Lorna,lbreinleinkc@columbia.edu,646-572-5637
734,Nestor,noakwoodkd@taobao.com,766-475-0428
735,Weber,wcouperke@smh.com.au,990-424-7094
736,Sonja,slamberteschikf@flickr.com,483-849-6352
737,Vilma,vebbingkg@webmd.com,957-149-9729
738,Gill,gcoddkh@cpanel.net,900-118-1635
739,Delphinia,dcraykki@purevolume.com,375-417-4232
740,Riobard,rwarnkj@oracle.com,268-995-6198
741,Arney,atemblettkk@reverbnation.com,659-696-9960
742,Elana,eocurneenkl@soup.io,544-844-3075
743,Normie,ntewkesberrykm@princeton.edu,556-847-9456
744,Natka,nstockinkn@samsung.com,100-477-1466
745,Hussein,hhousemanko@github.io,283-344-7781
746,Shannon,sbarbarykp@webs.com,271-827-7355
747,Allayne,aparramorekq@slate.com,377-307-0545
748,Nedi,ndigiorgiokr@gmpg.org,525-926-8456
749,Jodi,jbadrickks@cdc.gov,409-660-8965
750,Sisely,scourtliffkt@jalbum.net,279-741-7626
751,Dotti,dsyversenku@cbc.ca,674-689-2946
752,Davis,dpottagekv@merriam-webster.com,615-369-9843
753,Harlie,hbirwhistlekw@geocities.com,377-302-6858
754,Gerri,gcressykx@ft.com,426-570-1175
755,Lisetta,lskethky@skyrock.com,998-867-7084
756,Trixie,tgildeakz@google.it,158-710-2837
757,Rutter,rglassoppl0@noaa.gov,478-373-3124
758,Kippy,kgleyl1@utexas.edu,253-170-6367
759,Rollo,riacovidesl2@ycombinator.com,212-544-1766
760,Banky,bhyndl3@pagesperso-orange.fr,409-352-2104
761,Randy,rlandellsl4@reference.com,420-823-0117
762,Olia,oradbandl5@fastcompany.com,461-560-9821
763,Willie,wbarnfieldl6@cpanel.net,375-635-1615
764,Wiley,wgypsonl7@princeton.edu,824-984-6232
765,Ricardo,ratterl8@vinaora.com,293-982-2809
766,Ianthe,idobrowolnyl9@163.com,968-329-4963
767,Calvin,csowthcotela@blog.com,923-697-3175
768,Griffie,gtenbruglb@google.nl,481-895-4888
769,Iggy,istoppardlc@google.it,315-863-1415
770,Audy,akigelmanld@house.gov,552-602-0599
771,Ives,isaunierele@e-recht24.de,174-552-8103
772,Saxe,slatchlf@flavors.me,806-926-2285
773,Garvy,gpettslg@slashdot.org,173-784-1094
774,Bram,bewenlh@furl.net,244-553-5060
775,Alexandr,alampreyli@utexas.edu,113-401-6152
776,Dewitt,dbrockinglj@issuu.com,623-607-6660
777,Nevil,nstovelllk@dagondesign.com,852-510-9096
778,Adolph,amarishenkoll@pinterest.com,678-953-0372
779,Tracee,tletticelm@admin.ch,917-478-5066
780,Garret,gguionln@miibeian.gov.cn,931-855-1190
781,Jere,jquarlesslo@wunderground.com,843-340-3106
782,Hildagard,hsharpelp@yellowbook.com,243-636-2134
783,Padriac,ppalphramandlq@altervista.org,758-198-0686
784,Gordan,gdrewelr@posterous.com,821-540-0003
785,Gun,gdraayerls@ask.com,712-402-9886
786,Gillie,gcuttenlt@biblegateway.com,780-481-3844
787,Anica,aeymorlu@opera.com,402-139-4625
788,Mina,mrickeardlv@lulu.com,141-762-8787
789,Ariel,asnailhamlw@reddit.com,170-957-5287
790,Ulrike,uskiltonlx@acquirethisname.com,248-564-6576
791,Norry,ndoolerly@hugedomains.com,292-761-3434
792,Lorenza,lgleadhalllz@umich.edu,575-914-2805
793,Skelly,sespinosam0@wordpress.org,703-712-5576
794,Constantino,cdeetlofm1@mit.edu,648-552-1194
795,Allys,atwallinm2@cloudflare.com,187-613-4200
796,Christophe,csparshettm3@newyorker.com,361-115-3375
797,Paco,pkersawm4@independent.co.uk,660-225-9386
798,Celeste,cbreckinm5@barnesandnoble.com,807-622-2594
799,Pattin,pblowingm6@ibm.com,701-380-4267
800,Rivalee,rbecksonm7@cargocollective.com,469-996-6535
801,Stacee,smorgansm8@prnewswire.com,326-797-6317
802,Ainsley,ahembrym9@reference.com,809-477-2170
803,Chane,cdumingoma@amazon.de,477-757-7685
804,Elva,ecraydenmb@booking.com,732-112-3964
805,Fawnia,fbasermc@state.tx.us,708-744-0710
806,Drusie,dmacsweenmd@dropbox.com,870-488-0491
807,Toinette,tferrome@gmpg.org,653-706-3810
808,Kyrstin,kmoraismf@xinhuanet.com,682-622-1607
809,Eberhard,ecianimg@wired.com,320-855-3482
810,Cordy,cglentonmh@yelp.com,407-198-0953
811,Temple,tskipperbottommi@jiathis.com,784-571-2410
812,Carly,cfaddenmj@nifty.com,789-171-5934
813,Blondy,bsennettmk@gmpg.org,860-946-3061
814,Prentiss,pzanettoml@taobao.com,560-142-7555
815,Rutter,rmiroymm@foxnews.com,320-249-6141
816,Kaile,kcattmn@pen.io,928-348-2715
817,Hamil,hfyallmo@free.fr,490-697-7759
818,Hewie,hciccomp@shinystat.com,179-966-4008
819,Vivi,vcribbottmq@economist.com,541-748-4950
820,Ransom,rgatchmr@e-recht24.de,681-851-2782
821,Creighton,cuebelms@ucoz.com,714-221-4611
822,Dallis,ddanielsohnmt@ovh.net,540-801-6229
823,Wyatt,wjeffryesmu@shareasale.com,296-948-6926
824,Nikkie,npottagemv@over-blog.com,560-255-3597
825,Ferdinand,fseysmw@imdb.com,319-866-0470
826,Ralina,rteazemx@icq.com,683-604-8295
827,Cathleen,cstickensmy@wired.com,516-621-7552
828,Ian,iallgoodmz@goo.ne.jp,660-882-9108
829,Dory,dlerern0@ovh.net,244-935-5850
830,Mort,mworlingn1@indiegogo.com,646-507-0786
831,Helaina,hbiernackin2@diigo.com,111-332-8744
832,Waring,wdibbinn3@fotki.com,316-282-3931
833,Luther,llampreyn4@printfriendly.com,925-772-2888
834,Michail,mglenwrightn5@bloomberg.com,565-432-5321
835,Layla,lloreyn6@wikipedia.org,198-692-9374
836,Patin,pskepn7@scribd.com,838-622-7141
837,Manya,mkellern8@fda.gov,581-646-2927
838,Imogene,iricholdn9@hubpages.com,139-314-2460
839,Odilia,oyankinna@umich.edu,433-573-9184
840,Horst,hdenzeynb@angelfire.com,280-105-1560
841,Timofei,tgrainnc@nih.gov,270-329-4408
842,Leeanne,lyesinovnd@theguardian.com,423-337-5004
843,Jenine,jyakebovichne@weibo.com,354-608-9295
844,Bertrand,bgiabuccinf@stumbleupon.com,982-545-9766
845,Lezlie,lcookeng@sfgate.com,814-471-1177
846,Audy,astruttonnh@topsy.com,225-963-7039
847,Carmella,cgombyni@weebly.com,197-142-6602
848,Teriann,tpurriernj@photobucket.com,111-719-6123
849,Kaiser,kkeeblenk@statcounter.com,215-626-6987
850,Abdul,aburgisinl@sourceforge.net,191-619-3908
851,Molli,mfrontczaknm@oakley.com,210-355-0304
852,Kelvin,kcouvesnn@cbslocal.com,743-743-8700
853,Lina,lseivertsenno@comsenz.com,655-449-5810
854,Branden,bcordlenp@netscape.com,777-898-0896
855,Gusella,gprangernq@ted.com,415-496-6971
856,Cristy,cklischnr@prnewswire.com,401-493-2302
857,Colline,cpriddeyns@mlb.com,521-117-4964
858,Kirby,kmillgatent@ebay.co.uk,911-824-7140
859,Emili,ebreckenridgenu@columbia.edu,528-751-8634
860,Austen,ashieldsnv@hatena.ne.jp,322-489-4697
861,Gilberte,gwindrossnw@bbc.co.uk,859-529-7743
862,Adriena,adysertnx@technorati.com,212-203-0886
863,Eve,emcveaghny@exblog.jp,530-583-3803
864,Hartley,hdrezzernz@nymag.com,323-505-1542
865,Michal,mbeharrello0@accuweather.com,248-466-3567
866,Oberon,ooconcannono1@apache.org,150-644-2102
867,Clemmy,cdewildeo2@stumbleupon.com,738-526-2748
868,Shandie,svanderveldeo3@google.com.br,803-566-0821
869,Olga,owreno4@list-manage.com,769-398-9794
870,Sena,scaldeso5@biblegateway.com,961-414-3415
871,Holt,hfrendo6@netscape.com,856-525-1475
872,Laverna,lhaseleyo7@cpanel.net,712-552-3861
873,Lorry,lbortolussio8@prweb.com,391-482-5414
874,Brendon,barthyo9@weebly.com,661-379-2222
875,Gaby,gostoa@canalblog.com,778-596-9628
876,Bobinette,bpolkinhornob@ycombinator.com,992-660-3515
877,Suzanne,splacstoneoc@google.co.uk,686-569-4788
878,Anthony,ajedrachowiczod@ox.ac.uk,552-127-3575
879,Cicely,cgeaneoe@clickbank.net,845-196-4024
880,Doe,dcrowdof@ft.com,464-877-6088
881,Giacopo,ggilyattog@google.it,763-571-8394
882,Gordon,gricoldoh@ftc.gov,659-538-8307
883,Tamqrah,teskriggoi@jugem.jp,265-348-4985
884,Den,dwabeoj@skyrock.com,331-745-6689
885,Trent,tshirrellok@etsy.com,481-871-1237
886,Blanche,btatumol@sfgate.com,514-315-3178
887,Tomasina,twadlyom@abc.net.au,121-110-1560
888,Kelcy,kwhistonon@elegantthemes.com,116-900-1156
889,Aggy,acassellaoo@virginia.edu,635-186-8662
890,Prue,pwinterbourneop@fotki.com,338-874-8878
891,Stefano,sdecristoforooq@csmonitor.com,477-555-1482
892,Rakel,rdovinsonor@theglobeandmail.com,987-143-8768
893,Lancelot,lharloweos@list-manage.com,794-607-4858
894,Jephthah,jaugurot@msu.edu,432-624-6509
895,Marijo,mgreenhamou@ucla.edu,824-189-5669
896,Pearline,pturneuxov@msu.edu,736-858-5661
897,Fiona,fkilleenow@yahoo.co.jp,668-201-0371
898,Massimo,mmcevillyox@reddit.com,956-457-0685
899,Catharina,chitchensoy@nymag.com,424-179-1088
900,Artemas,apaskinsoz@google.ca,455-472-1739
901,Olga,oroccap0@soup.io,190-133-1878
902,Terrel,tjillissp1@list-manage.com,965-138-6241
903,Hyatt,hshaxbyp2@pinterest.com,504-868-3819
904,Urbanus,uruslingp3@msn.com,951-263-3211
905,Yuri,ygatissp4@slideshare.net,602-778-8813
906,Noellyn,nabramskyp5@soup.io,961-576-3950
907,Brinna,bmankorp6@de.vu,821-906-5639
908,Eve,ecranstounp7@pinterest.com,510-380-4673
909,Page,pgiroldip8@discuz.net,534-309-9885
910,Cordy,cdixp9@zdnet.com,186-491-0505
911,Sarene,spriestnerpa@t-online.de,962-557-3182
912,Netti,njekelpb@liveinternet.ru,509-239-6005
913,Ania,abarkworthpc@baidu.com,429-823-6261
914,Barton,bphilppd@skype.com,288-779-5171
915,Devan,dsimeonepe@webeden.co.uk,715-596-5505
916,Susie,smcmanamenpf@salon.com,845-774-1034
917,Karlis,kweatherellpg@phoca.cz,839-679-8565
918,Amerigo,apalmbyph@shareasale.com,490-897-3763
919,Maurene,mmatouspi@opera.com,611-208-7555
920,Biddie,bstrotherspj@tumblr.com,485-851-9655
921,Avictor,atorrapk@github.com,408-221-8458
922,Maressa,mwallpl@soundcloud.com,874-964-8901
923,Caren,ckubekpm@ox.ac.uk,154-402-3703
924,Tedmund,tcaterpn@fastcompany.com,923-595-1085
925,Nicoline,ntregalepo@tmall.com,429-521-0165
926,Enriqueta,ejeacockpp@feedburner.com,746-241-7977
927,Jereme,jsoamepq@163.com,825-554-9167
928,Blake,bdakhovpr@infoseek.co.jp,685-209-2182
929,Alyse,arabbattsps@psu.edu,502-160-7271
930,Sunshine,sminchinpt@java.com,280-247-0691
931,Rosella,rstevenpu@home.pl,989-388-5324
932,Carolyne,ctowheypv@addtoany.com,441-607-5670
933,Tilda,tjearypw@sphinn.com,937-300-1317
934,Korney,kparadispx@plala.or.jp,635-704-5827
935,Francisco,fdimitrovpy@4shared.com,888-196-5192
936,Urbain,ukruschevpz@dot.gov,323-725-6634
937,Theresa,talexsandrowiczq0@wikimedia.org,879-471-4161
938,Arlana,aattawayq1@sbwire.com,561-911-2023
939,Clevie,cprophetq2@miitbeian.gov.cn,896-438-1898
940,Claudine,ckendredq3@arizona.edu,455-829-0818
941,Sheff,srisbridgeq4@mozilla.org,253-283-8322
942,Franky,fboddisq5@imageshack.us,188-700-3949
943,Ollie,otimminsq6@gmpg.org,495-942-6066
944,Rhett,rnarramoreq7@gnu.org,769-136-0399
945,Averell,abaudinq8@earthlink.net,256-227-9683
946,Claudie,ccrawforthq9@nymag.com,467-674-7387
947,Kym,kdomercqa@blogtalkradio.com,110-386-0555
948,Robbi,rwinfreyqb@jalbum.net,484-844-7354
949,Maryjo,mvalenssmithqc@shinystat.com,554-940-1233
950,Iorgos,ibrimsqd@tmall.com,792-771-9285
951,Chad,ciacovozzoqe@about.me,142-769-9174
952,Milo,mjupeqf@newyorker.com,633-459-4133
953,Ole,oredpathqg@redcross.org,615-996-3283
954,Somerset,sdesportqh@state.tx.us,966-786-8296
955,Crissie,clintinqi@samsung.com,748-249-5947
956,Forrester,fhempshallqj@angelfire.com,172-394-7699
957,Mala,myerillqk@reference.com,834-918-2591
958,Bambie,bpeatql@friendfeed.com,982-513-8160
959,Heather,hbrandliqm@printfriendly.com,847-554-6512
960,Donavon,dnoorwoodqn@newsvine.com,243-497-9992
961,Wadsworth,wgiacomoniqo@twitter.com,442-613-9200
962,Suzie,srosenkrancqp@surveymonkey.com,355-598-2777
963,Enrique,erobkenqq@163.com,176-684-5997
964,Joaquin,jgeorgievskiqr@earthlink.net,288-615-3572
965,Findley,fcatleyqs@domainmarket.com,353-671-8358
966,Robbi,rmcraeqt@ucoz.ru,492-438-4016
967,Hailee,hwarrickerqu@furl.net,694-928-3709
968,Lilian,lrenaultqv@tinyurl.com,483-146-3028
969,Gannon,gedardsqw@prweb.com,591-669-2686
970,Mort,mfarnorthqx@examiner.com,679-167-4642
971,Joni,jbernthqy@hexun.com,412-626-3195
972,Crin,condrakqz@tiny.cc,333-562-8415
973,Binky,bwhileyr0@vistaprint.com,694-311-5865
974,Dannel,dhebditchr1@bloglines.com,366-564-2438
975,Armand,agladdolphr2@yellowpages.com,845-133-0519
976,Alden,apirisr3@utexas.edu,789-118-8894
977,Franky,fstuchberryr4@nasa.gov,560-977-8787
978,Alyss,astringmanr5@tumblr.com,927-241-8850
979,Jayson,jricarder6@cbsnews.com,881-297-9388
980,Demott,dcastellinor7@rediff.com,830-553-6563
981,Camey,ctampionr8@ca.gov,480-388-6254
982,Michele,mbradnockr9@creativecommons.org,850-150-6784
983,Whitney,wcuthillra@nyu.edu,809-866-4228
984,Bernita,bbexonrb@google.co.uk,911-719-4589
985,Gwendolyn,gdarleyrc@alibaba.com,254-487-3588
986,Ariana,ageachrd@fda.gov,915-450-7793
987,Sena,sowthwaitere@diigo.com,731-914-0599
988,Laird,lstuchburyrf@wordpress.com,774-893-8684
989,Malena,marangyrg@example.com,258-548-3339
990,Griff,ggladdingrh@senate.gov,739-339-3740
991,Arlina,alevingeri@list-manage.com,508-323-9330
992,Rodney,rbulmanrj@xing.com,428-399-2778
993,Merla,mmisselbrookrk@google.nl,128-964-5536
994,Ellen,ebangsrl@squarespace.com,971-686-5907
995,Marty,mcarcasrm@is.gd,479-530-1008
996,Odey,omoresbyrn@eepurl.com,540-725-7089
997,Ursulina,ugillerro@xrea.com,694-888-8329
998,Agnesse,aschottlirp@wunderground.com,919-555-9995
999,Jori,jfrawleyrq@gov.uk,637-190-6554
1000,Hewe,hchampneysrr@purevolume.com,862-928-3477
