DriverID,DriverName,Email,Contact,DrivingLicense,AverageRating
1,Sharyl,sturpin0@intel.com,930-340-5741,5838151382,3.25
2,Say,sgergler1@marketwatch.com,427-411-0242,9217073555,4.25
3,Merline,mlascell2@noaa.gov,412-843-9933,6515932448,4
4,Doralynne,douldcott3@un.org,684-260-9995,9378458408,3.5
5,Gusty,gbrettor4@tamu.edu,852-358-2903,1206228741,4.25
6,Julia,jhallihan5@flavors.me,929-846-4476,3863974921,4.75
7,Lowe,lschultheiss6@fastcompany.com,742-429-8858,7014539442,5
8,Yolanda,ysilber7@unesco.org,224-280-8344,4295522554,3.5
9,Lelah,lbrunsdon8@reverbnation.com,392-219-3577,3646604794,4.5
10,Chelsae,cpilpovic9@mail.ru,468-778-1182,0639273254,3.25
11,Enos,emcandiea@quantcast.com,168-577-4855,5484704200,4.75
12,Pat,pwicklenb@yale.edu,986-581-7085,2188729528,4.25
13,Spencer,screechc@home.pl,292-177-8270,3452708268,4
14,Nanette,narnolld@people.com.cn,137-912-9482,0241817013,5
15,Sadie,smountaine@ning.com,931-732-4112,7462540258,4.5
16,Meagan,mbackshillf@mysql.com,976-878-6376,4111412394,3
17,Donnell,dferrieg@furl.net,608-790-7578,2428400185,3.25
18,Barn,bbuddellh@washington.edu,565-807-3103,3544875780,4.75
19,Paxon,pfleischi@furl.net,455-646-9303,8863076618,3.5
20,Brenda,bhextj@meetup.com,380-448-4132,0328143855,4.25
21,Hilary,hmarmyonk@nasa.gov,401-903-2811,9747365995,4.75
22,Kimball,kgregsonl@canalblog.com,487-971-6211,3130926127,3.25
23,Aluin,asimonetonm@reverbnation.com,512-955-8507,6193026150,4.5
24,Tonya,tpolyen@hubpages.com,325-402-3124,2243564335,4.5
25,Petrina,pgurradoo@wunderground.com,967-485-0338,9189450876,4.25
26,Lucila,ljexp@sina.com.cn,696-117-4292,9879478746,3.75
27,Kailey,kartonq@cdbaby.com,902-988-6821,1886227187,4.75
28,Donny,davardr@state.tx.us,520-849-2654,6598927293,3.5
29,Ahmed,aegles@toplist.cz,436-654-3654,8852153020,4.25
30,Yorgos,ylaffranconit@berkeley.edu,781-854-5733,2603465465,3
31,Bunni,bmenciu@google.ca,835-272-6408,6201361766,5
32,Papagena,pyolev@alexa.com,437-673-3969,0200443615,3
33,Letta,lschubertw@desdev.cn,612-850-2359,7453424313,4.75
34,Jaye,jswyrex@ebay.co.uk,737-830-8864,8585580860,3.25
35,Paulina,pgebhardy@goo.gl,166-200-1773,4291238037,3.75
36,Guy,gkellyz@whitehouse.gov,868-486-3073,3983138780,5
37,Kiersten,kshawe10@tumblr.com,877-484-1084,0685579263,3.5
38,Cull,cjustun11@vk.com,763-118-7825,0489323790,4.75
39,Carin,cdawton12@ycombinator.com,909-149-6170,5227675503,4.75
40,Franzen,fhalward13@yale.edu,751-298-1281,5468329492,4.5
41,Valaree,vchinery14@cnbc.com,839-316-6515,5917930503,3
42,Hermie,hiacovazzi15@4shared.com,218-982-8920,1954445504,5
43,Thaddeus,tgabbitas16@answers.com,451-877-2912,0940817284,3.75
44,Kit,kbakeup17@xinhuanet.com,310-469-9620,8341517612,3.5
45,Kellie,krenad18@de.vu,922-854-7813,9802596132,3.25
46,Betsey,btomlett19@time.com,911-217-5139,0747162689,5
47,Chelsie,croubeix1a@vimeo.com,917-153-4881,9498102031,3.5
48,Madeleine,mprebble1b@51.la,476-417-8988,9642262754,3.25
49,Agathe,afawkes1c@sakura.ne.jp,366-619-8299,9770234508,3
50,Bartolomeo,bshuttell1d@usa.gov,367-417-6261,0249304856,4.5
51,Ruthi,rwhitcher1e@ft.com,444-471-1787,0982620217,5
52,Lucky,lmaas1f@slideshare.net,499-445-6754,5755043345,4.75
53,Jeniece,jmarklund1g@economist.com,190-186-5728,9355343914,4
54,Brynne,bhuebner1h@friendfeed.com,215-718-7843,1972618628,3.75
55,Marina,msiemons1i@dagondesign.com,916-795-8978,9733782041,5
56,Freeland,fplows1j@chronoengine.com,334-915-7734,3643811764,4.5
57,Meridith,mdobbson1k@spiegel.de,619-559-3288,8996107840,3.75
58,Perla,plampens1l@xing.com,910-101-1850,9858257279,3.25
59,Koralle,kausello1m@ucoz.ru,810-473-4154,3507705079,3.75
60,Lynnelle,lgherardelli1n@imdb.com,901-942-3419,5371679480,4.5
61,Al,awarrener1o@alexa.com,806-300-9501,8878720747,3
62,Adelbert,acowp1p@craigslist.org,160-102-7014,9907517070,4.75
63,Jaquith,jlabbez1q@purevolume.com,402-732-7749,2464296988,5
64,Katina,kgibbieson1r@dion.ne.jp,513-144-5015,3105172440,4.5
65,Tristam,tdionisetti1s@businesswire.com,364-346-4548,3426347563,3
66,Jaquenetta,jaspel1t@discuz.net,256-548-3612,5230230118,3.5
67,Fitzgerald,fspridgen1u@google.fr,699-973-3346,3585942768,3.75
68,Kiersten,kcudbertson1v@imdb.com,124-710-1832,4967175139,4.5
69,Ingrid,imacalister1w@usnews.com,594-276-3204,3601838338,3.5
70,Marjory,mcurphey1x@bravesites.com,444-419-1770,2524150275,4.25
71,Carey,csibun1y@nsw.gov.au,147-279-2170,8986891182,4.5
72,Colly,cbattson1z@a8.net,933-979-7531,0778152170,5
73,Benny,bsture20@abc.net.au,719-923-7878,4099998444,3.5
74,Kellsie,kabbiss21@joomla.org,721-467-8241,8551987801,3
75,Berna,bsangster22@free.fr,463-373-7916,3012946098,4.25
76,Bent,btargetter23@geocities.com,171-121-4233,8115542385,3
77,Dun,dbedlington24@telegraph.co.uk,326-267-1548,1310278547,3
78,Yehudi,yblakey25@house.gov,910-137-2845,0093322070,3.25
79,Georgine,glatter26@tamu.edu,231-787-6646,5321529752,4.75
80,Stafford,sdye27@fema.gov,245-701-0733,7708900786,4
81,Marjory,mswindells28@joomla.org,814-471-5151,9692601951,4.25
82,Alessandra,ahourston29@jugem.jp,839-357-8567,5315646769,3.25
83,Kerrie,kheymann2a@odnoklassniki.ru,766-632-4999,0089057236,3.75
84,Honoria,hmiddas2b@printfriendly.com,547-416-9911,2175093360,4.75
85,Gigi,gmckinlay2c@google.com.hk,833-284-4592,0751305693,5
86,Risa,rwartonby2d@miibeian.gov.cn,902-598-6895,9980534966,4.75
87,Gusty,gcaukill2e@economist.com,585-445-3988,9625268383,4.5
88,Floris,fcastletine2f@cnet.com,420-116-3618,8308842003,5
89,Catherina,cbastin2g@amazon.co.jp,119-411-5941,2102242315,3
90,Brandon,bdymott2h@icq.com,532-797-0497,1743894252,3.25
91,Tabbie,tbutters2i@liveinternet.ru,763-347-5190,4617190880,3.75
92,Ethelda,ebownass2j@merriam-webster.com,730-983-2648,9984936619,4.25
93,Arthur,aklauer2k@mozilla.com,396-667-8820,5957975761,4.25
94,Meg,mdelacote2l@upenn.edu,654-719-2734,5320256264,4.75
95,Dirk,dmoden2m@hao123.com,498-580-6424,6660678816,4
96,Clint,ctraynor2n@a8.net,536-553-5568,7922672519,3.5
97,Maria,modrought2o@hp.com,773-495-3328,8814337837,5
98,Milli,mluesley2p@yolasite.com,259-730-7690,5055618531,5
99,Kareem,kklug2q@shop-pro.jp,828-570-5931,3024192018,3.25
100,Gerty,gmccard2r@de.vu,800-856-4266,4824305861,3
101,Bellanca,bmatiebe2s@cmu.edu,477-766-8694,0936342404,4.5
102,Mirilla,mniese2t@ustream.tv,271-102-6407,7759895704,4.25
103,Ermengarde,eprosser2u@wp.com,402-374-8896,9353832756,5
104,Jourdain,jkhoter2v@wp.com,185-807-8485,9515303087,4
105,Nancey,nschettini2w@taobao.com,972-105-7110,8574030791,5
106,Tiebold,tswanger2x@ucoz.ru,223-855-8097,5845782333,4.25
107,Ysabel,ymaffei2y@xing.com,606-573-2802,8968603146,4.25
108,Adrea,afyfield2z@163.com,680-267-5860,9488760729,3.75
109,Korella,kelbourne30@soundcloud.com,317-405-4264,9682054672,4.5
110,Paulie,pculham31@dot.gov,976-692-9666,3558499387,5
111,Kermie,kwynes32@gizmodo.com,707-577-7728,2324356902,4.25
112,Zara,zwadeson33@netlog.com,784-763-5513,4748413263,3.25
113,Gleda,gkelf34@dagondesign.com,542-945-9175,9497177836,4.5
114,Giorgi,gbonn35@hao123.com,772-716-7135,6493418046,3.75
115,Joletta,jboffin36@posterous.com,908-697-3483,7670229217,3.75
116,Yoko,ycull37@walmart.com,665-459-9878,8869424189,5
117,Hetti,hjephcote38@latimes.com,375-680-2480,0940714191,3.5
118,Greg,gainscough39@bing.com,841-864-0573,1306775787,3.5
119,Phylys,pcharlick3a@baidu.com,402-141-4778,8350565640,4.75
120,Berta,bthunnercliff3b@friendfeed.com,603-236-4633,8076450446,4.25
121,Elka,epatry3c@ft.com,175-514-4616,0980070392,4.25
122,Ric,rmcneachtain3d@columbia.edu,746-513-8751,4754631404,4.25
123,Sofie,sbartlett3e@google.nl,181-687-1203,4381366751,3.5
124,Kirsten,knorrie3f@163.com,356-868-0209,3189913021,5
125,Consuela,cgaskarth3g@domainmarket.com,985-330-3930,1421403382,3.25
126,Henrie,hhadaway3h@nps.gov,552-505-4600,7880621873,3
127,Nobe,nharnwell3i@marriott.com,892-479-4483,8203121829,5
128,Rosa,rklagge3j@deliciousdays.com,408-292-6928,7014054767,4
129,Caralie,cskerratt3k@irs.gov,118-965-6627,9518264287,4
130,Ardene,aforth3l@behance.net,294-503-5765,9718428089,4.25
131,Mord,mbillo3m@xinhuanet.com,977-941-8920,9293197480,4.75
132,Towney,tbridell3n@youku.com,709-977-7236,3096875928,3.25
133,Micah,mmcilhone3o@examiner.com,176-687-5315,3446497943,5
134,Tanney,tfenna3p@scientificamerican.com,957-276-1475,9959332624,3.75
135,Marcy,mmcgeraghty3q@blogs.com,310-185-7619,9906499869,3.25
136,Gael,gtwelvetrees3r@cmu.edu,217-192-7391,7557475925,3
137,Harrietta,hmacaless3s@engadget.com,110-321-4151,3115693192,4
138,Ulrick,ugrassi3t@is.gd,315-900-5427,4803510172,3.75
139,Christal,cfonzone3u@ft.com,636-507-9943,5959621975,3.5
140,Jonathon,jpenddreth3v@shop-pro.jp,706-401-4915,5776866170,3.5
141,Willem,wbartalucci3w@google.fr,354-922-9490,7793961439,3.25
142,Coop,cgorhardt3x@nytimes.com,435-832-6885,2089260408,3.75
143,Cy,carnholdt3y@soundcloud.com,633-359-2612,2193096961,4.25
144,Danya,ddennick3z@posterous.com,862-597-7731,6846889167,5
145,Monty,mgiorgetti40@ocn.ne.jp,183-783-6752,1885857144,5
146,Luke,lriveles41@wisc.edu,394-380-9073,7889320469,3.75
147,Chev,ccharnock42@topsy.com,759-174-5345,6628837580,3.25
148,Alphard,aruston43@uol.com.br,195-550-9662,2967670510,4.5
149,Donny,droelofsen44@boston.com,953-890-8033,1577685059,3.75
150,Rob,rtreweke45@tinypic.com,497-370-6018,0577882414,5
151,Melania,msharpin46@blinklist.com,994-218-5360,0291057683,4.25
152,Eadie,egatty47@howstuffworks.com,994-616-4686,8107607945,5
153,Loreen,ldannehl48@storify.com,971-646-9487,1709159405,3.5
154,Mervin,msedgebeer49@acquirethisname.com,722-729-5505,5148634952,4.5
155,Clemens,cadam4a@upenn.edu,209-931-1506,5676845007,3.5
156,Kinna,kellerton4b@wiley.com,797-444-3407,9392844336,3.75
157,Benedicto,bbassingden4c@goo.ne.jp,949-807-9124,7593150542,4.25
158,Gawen,gphilpott4d@bizjournals.com,355-939-2890,5616465321,4.25
159,Leslie,lmccrachen4e@weebly.com,856-542-3363,4353746936,4.5
160,Adan,aarboin4f@smugmug.com,267-658-6954,6340780393,5
161,Tallie,tsallter4g@smugmug.com,354-747-7691,9190184416,3.25
162,Conny,cseeborne4h@lulu.com,323-157-8043,3562352565,5
163,Francine,flambird4i@reuters.com,213-628-9893,5028753792,3.75
164,Christophe,ccockshoot4j@telegraph.co.uk,555-887-3586,6132628282,3.75
165,Corrie,cwones4k@cnet.com,906-310-3178,6995980808,3.75
166,Donall,dscraggs4l@unicef.org,231-686-3381,3788945842,4
167,Zared,zjoder4m@discovery.com,588-977-8652,6366836507,3.25
168,Olympie,otaggerty4n@yelp.com,717-849-5559,2243832690,4.5
169,Ginni,gcutill4o@github.io,680-231-0881,4401627598,3.75
170,Keefe,ksandford4p@state.gov,451-103-4617,0055831540,4.75
171,Clyve,cprovis4q@symantec.com,100-318-4240,7411104752,3.25
172,Dyna,dmaddrell4r@sphinn.com,615-909-1170,2278730436,3.75
173,Rodrigo,rsimson4s@linkedin.com,633-488-7021,1039184979,4
174,Moira,mpymer4t@nsw.gov.au,497-170-9909,4980775438,3
175,Jacquenetta,jfranscioni4u@mac.com,496-987-1508,1934597775,3
176,Jamima,jlinder4v@youtu.be,393-996-4338,2435327285,4.25
177,Garrard,gabberley4w@delicious.com,147-548-3047,9135818581,4.75
178,Adriana,ablythin4x@paypal.com,244-488-5248,3423195312,3
179,Bank,bkirsop4y@artisteer.com,632-352-7400,2370894881,3
180,Maurie,mbairnsfather4z@admin.ch,366-761-1268,4785450398,5
181,Eduardo,ejanks50@umn.edu,671-938-8381,4566441636,4.25
182,Vincenty,vsalterne51@arstechnica.com,282-228-5493,5238812329,3.5
183,Sayers,sguidera52@omniture.com,761-235-6490,5281227971,4
184,Simmonds,skingzet53@tiny.cc,182-304-0380,2676810812,4.25
185,Abie,abrookwood54@cisco.com,393-616-0361,1580229670,3.5
186,Oona,osiddons55@unesco.org,949-563-3841,3768366197,3
187,Riley,recles56@cafepress.com,588-144-8773,8365519348,3.75
188,Reggis,rtutchings57@networksolutions.com,649-116-4201,0163490910,4.75
189,Benedicta,bsilson58@webeden.co.uk,476-865-3528,3652485742,4.75
190,Torrance,tjakaway59@webnode.com,952-312-3058,1700286889,4.25
191,Aubine,apaskerful5a@macromedia.com,504-400-4835,3534388984,3.25
192,Noellyn,nellerington5b@e-recht24.de,146-450-0917,9119986459,3
193,Skippie,shulse5c@flavors.me,113-451-0554,0844606162,4.25
194,Freeland,fahmed5d@webnode.com,339-951-5796,0555419843,3.25
195,Pammi,pheggison5e@qq.com,722-140-8151,7564642815,5
196,Neysa,nborell5f@ask.com,575-517-2159,0332209407,5
197,Uta,umiddiff5g@hao123.com,967-411-5687,7269512256,4.25
198,Benedicto,bkillingbeck5h@ebay.co.uk,937-867-5389,2699752266,4.75
199,Diana,drohlf5i@bandcamp.com,612-188-3473,3392449792,3.75
200,Pernell,pstapele5j@princeton.edu,496-326-5415,6360354373,3
201,Darci,dwoolfoot5k@t.co,805-437-7362,5546368586,3.5
202,Sibley,schilton5l@prweb.com,436-488-8369,8080798575,4
203,Erastus,emaciver5m@ameblo.jp,261-151-5214,5024955404,3.5
204,Griselda,greary5n@npr.org,314-527-7173,5771409111,4.5
205,Launce,ldownes5o@simplemachines.org,875-517-4917,0535393822,3.5
206,Moe,mgauchier5p@scribd.com,887-259-4061,7820243767,4.5
207,Mindy,mkelloch5q@bloglovin.com,570-838-5163,9082735660,5
208,Tremain,tdungee5r@fc2.com,587-635-0055,1825424667,5
209,Murray,mevenett5s@sbwire.com,458-838-1164,7203048748,3.5
210,Diarmid,dprine5t@columbia.edu,193-293-8123,3902634405,3.75
211,Arliene,agrimsell5u@joomla.org,462-610-6629,4403950493,4
212,Stephannie,sgladbeck5v@behance.net,925-587-8420,0148786154,4.75
213,Brooks,bcarleton5w@sun.com,129-678-1517,4820853384,4.5
214,Malanie,mparrington5x@si.edu,995-972-6096,6990503459,4.25
215,Augy,arubanenko5y@businessweek.com,802-572-2746,6044756521,3
216,Julissa,jgelletly5z@usa.gov,751-101-9740,2156700184,4.5
217,Winnie,wtalman60@naver.com,397-653-7078,6579478527,3.75
218,Janos,jhugenin61@youtube.com,972-307-9625,3400619949,3.75
219,Rolland,rsleigh62@mediafire.com,202-503-3738,3944304500,5
220,Freddi,flacaze63@vimeo.com,347-660-7669,1711721379,4
221,Shaine,szahor64@apple.com,402-425-6277,2562406524,4.75
222,Skye,ssharp65@unicef.org,300-494-8292,3709989469,3
223,Jannelle,jvenediktov66@squidoo.com,126-213-6197,3989016571,5
224,Neala,nburtwhistle67@merriam-webster.com,645-894-7152,1639706453,3.75
225,Bartie,bdibden68@delicious.com,606-477-2782,9482179471,4.25
226,Lennard,lbaison69@wordpress.com,826-342-4957,9118955126,5
227,Vaughan,vyersin6a@wikispaces.com,944-585-2473,4423160781,3
228,Aylmar,ahebble6b@state.gov,280-503-9795,9299180253,3
229,Ransell,rtoor6c@123-reg.co.uk,727-747-0748,0906927668,4.25
230,Ursola,usyde6d@forbes.com,866-855-2864,3648364553,3.25
231,Annelise,aworsnup6e@cloudflare.com,241-715-7822,6719862669,5
232,Joshuah,jnissle6f@ucoz.com,627-514-4615,9652120537,5
233,Noland,nlowthorpe6g@ibm.com,147-401-5827,3676435206,5
234,Hamil,hclemanceau6h@zimbio.com,993-316-0238,9980615036,4.25
235,Sharyl,sstormont6i@state.tx.us,549-304-0081,6667705800,3
236,Decca,dsaile6j@i2i.jp,758-132-2829,8153167022,4.5
237,Jaine,jmartell6k@sciencedirect.com,526-645-7113,2053886749,4.5
238,Olwen,omattheus6l@nasa.gov,171-872-3178,8461783018,4.5
239,Berkley,bdungey6m@t.co,351-148-6529,0618429336,3.5
240,Kincaid,kreddihough6n@artisteer.com,388-870-7901,2231622785,3.75
241,Hubey,habilowitz6o@jigsy.com,352-754-5208,5910772872,5
242,Hogan,hmontier6p@patch.com,559-542-8563,8374543949,3.75
243,Lloyd,ldilrew6q@sfgate.com,866-603-7960,8045500530,4.5
244,Lena,lknotton6r@issuu.com,432-530-2285,5854053713,4
245,Josepha,jbullier6s@webeden.co.uk,647-975-4137,0646075748,3.5
246,Rosemaria,rambrosini6t@examiner.com,564-983-2198,1391894553,3.75
247,Vernice,vstud6u@dropbox.com,403-743-3509,0801486807,4.75
248,Willetta,wwyrall6v@reverbnation.com,688-487-7670,5117846338,3
249,Sigrid,slabrenz6w@last.fm,120-445-3959,8045051523,3.5
250,Pate,pgainsbury6x@foxnews.com,421-897-8972,6391194645,5
251,Henrietta,hburberow6y@bloglovin.com,143-426-1331,0529884380,4
252,Jenni,jcoffey6z@ucoz.com,307-841-2462,0092881270,3.5
253,Amil,awixey70@naver.com,727-167-3483,1790364256,4.5
254,Chery,cbezarra71@army.mil,817-161-3283,5045377531,4.75
255,Sidonnie,stetlow72@storify.com,704-350-7970,3580117904,5
256,Ronnie,rlouthe73@netscape.com,728-754-5714,8378378357,4.75
257,Camilla,cflegg74@ft.com,417-685-0040,8630432799,5
258,Joanna,jstoddard75@springer.com,847-186-7172,1985170256,3.5
259,Kasey,kmaclaren76@marketwatch.com,130-364-6244,9653944452,3.5
260,Bartie,bjanaway77@goo.gl,772-160-5433,6013417717,3.75
261,Jenda,jmeenehan78@slate.com,416-177-4290,0901160970,4.25
262,Jamil,jskirlin79@edublogs.org,621-782-6453,6210763359,3.5
263,Isidora,idewerk7a@hexun.com,121-884-5863,9266590290,3.25
264,Jud,jtowsey7b@cam.ac.uk,554-108-8955,4886220746,3
265,Gwendolyn,gawcoate7c@surveymonkey.com,482-854-2825,3710976723,5
266,Bee,bdenington7d@indiatimes.com,529-582-8939,7616156258,3.5
267,Whittaker,wwimp7e@ted.com,791-535-2038,2116042615,4.25
268,Westley,wianne7f@flavors.me,730-914-1249,6303950337,5
269,Jabez,jlashley7g@bloglines.com,555-696-8671,8627026025,3
270,Carlota,ccarpenter7h@bluehost.com,220-132-2824,9296272203,5
271,Gill,grattenberie7i@seattletimes.com,532-120-4116,0102330662,4.5
272,Ansell,awastie7j@xrea.com,960-585-0037,5397500313,4.5
273,Cindelyn,cnoteyoung7k@thetimes.co.uk,168-642-5334,2592473297,3.5
274,Layney,lwoolland7l@cocolog-nifty.com,694-660-7789,3046135777,4.5
275,Sal,ssirmon7m@com.com,882-462-0518,8140157813,3.75
276,Jermaine,jnieass7n@homestead.com,456-934-2908,3431504442,5
277,Lotty,lwestwood7o@wp.com,108-927-6709,1762139073,3.5
278,Max,mkennaway7p@linkedin.com,537-869-0275,3528226811,3
279,Lusa,llakenton7q@pinterest.com,102-566-7858,0727745085,4.5
280,Horatia,hberdale7r@e-recht24.de,929-178-3544,3855291152,5
281,Lorne,lcaneo7s@discuz.net,169-766-0005,2273808747,3.75
282,Kristofor,kkierans7t@ifeng.com,767-442-2217,9322916176,4.5
283,Blair,bblinman7u@businessinsider.com,144-363-7028,0566067447,4.75
284,Linoel,lminchinden7v@gov.uk,292-818-4953,3376972494,3
285,Annabella,acollison7w@latimes.com,630-568-0394,1671378822,5
286,Del,dtreasaden7x@army.mil,398-928-1559,9636808546,4
287,Edvard,eivell7y@unblog.fr,594-791-9381,4516851806,5
288,Catriona,cstandidge7z@arstechnica.com,397-282-9227,3575578931,4
289,Huberto,hcorr80@google.es,115-333-3336,9783020315,4.25
290,Con,claxston81@foxnews.com,872-589-7255,7608619805,4.5
291,Almeria,agalle82@ning.com,408-791-5814,9771742752,4.25
292,Byrom,bmillhouse83@toplist.cz,464-874-6161,6251003278,4.5
293,Silvan,stamsett84@miitbeian.gov.cn,637-762-8173,2966953314,5
294,Lora,lkimmins85@hhs.gov,309-155-3381,7895968114,3.75
295,Babette,bmoran86@latimes.com,915-761-1197,9924010574,4.75
296,Orelia,omcnellis87@boston.com,415-630-2101,0883873567,3
297,Mair,mrickard88@squidoo.com,893-362-5331,5510617578,3
298,Sophia,sfinicj89@admin.ch,143-496-0823,1983371726,4.5
299,Ivory,iwelfare8a@illinois.edu,707-525-2566,9126169304,3
300,Leticia,ldusey8b@ameblo.jp,641-173-7505,3552616268,4
301,Fay,fchumley8c@ycombinator.com,467-229-7246,8668211137,3.5
302,Cleopatra,cheam8d@examiner.com,192-244-9322,1976476232,3
303,Miquela,mhealks8e@ted.com,980-658-4029,9198461206,4.75
304,Eugen,ecreelman8f@hugedomains.com,284-425-2101,7800961397,3.75
305,Marabel,mambrogetti8g@opera.com,595-814-4173,2975315031,4.75
306,Remy,rdorosario8h@surveymonkey.com,382-840-8202,4099795586,3.5
307,Keene,kgiovannacci8i@thetimes.co.uk,818-445-8483,0928133303,3.5
308,Chryste,cbridge8j@amazon.de,969-502-7437,4453215819,4.25
309,Dixie,ddies8k@odnoklassniki.ru,517-824-6447,3154215581,3.5
310,Chloette,csambells8l@tuttocitta.it,997-917-1074,8072572040,3.75
311,Deerdre,dpiddle8m@auda.org.au,495-198-8621,2173004913,4.5
312,Alexine,asay8n@webeden.co.uk,633-343-5127,2006098950,3.75
313,Klara,klorenzin8o@jiathis.com,965-506-6887,2679652789,3.5
314,Netti,ncopo8p@theglobeandmail.com,741-115-6081,4494610097,3.75
315,Simone,syalden8q@japanpost.jp,957-526-8586,9807105439,3.5
316,Erl,eeverest8r@earthlink.net,723-198-3549,9745633070,4.5
317,Coral,cwhyler8s@chronoengine.com,752-149-5191,9002671156,3.5
318,Glad,glovstrom8t@canalblog.com,114-901-7937,8303276735,5
319,Bard,bpeasegod8u@geocities.jp,246-951-7311,3150607701,3.25
320,Omar,omulbery8v@phoca.cz,690-215-4846,2290979732,4.5
321,Giffy,gsimons8w@chronoengine.com,710-537-1027,5101894125,3
322,Archibald,agrigorushkin8x@mac.com,517-862-1782,3092945611,3.25
323,Judd,jharcarse8y@livejournal.com,644-795-3046,7673678950,4.5
324,Geri,gterrelly8z@sfgate.com,111-503-7051,9149467727,3.75
325,Griffin,grabb90@umich.edu,453-390-5244,7935553823,3.25
326,Gregory,gsotworth91@time.com,108-394-9231,7745197473,3.5
327,Pren,pmichelet92@weibo.com,443-770-8808,1425710964,3.75
328,Clair,cgheorghe93@usatoday.com,499-686-7626,3023101078,4.25
329,Skip,spikhno94@merriam-webster.com,951-331-3280,0289834929,4.75
330,Heidi,hclemmow95@amazon.de,659-428-1755,1957751037,4.5
331,Brewer,bnoble96@bbc.co.uk,530-543-2314,3227458810,3
332,Sammie,ssorsby97@dyndns.org,582-496-9822,9186355457,3.25
333,Benedetto,bdaout98@nbcnews.com,602-401-2548,7523511260,4.75
334,Celie,cshapera99@foxnews.com,949-263-0102,8114391618,4.5
335,Cherie,cbedson9a@cargocollective.com,602-933-8966,4321311187,3.5
336,Myrtie,mliverseege9b@hhs.gov,255-675-8931,7479926642,4.5
337,Ilyssa,imcphater9c@newyorker.com,124-581-8355,1140860445,3.25
338,Delmer,dfolliott9d@apple.com,511-433-8080,8456913766,4.25
339,Karlis,kmccaughey9e@tiny.cc,110-417-1824,3479814441,3.5
340,Ignacius,iburchatt9f@theatlantic.com,463-718-6547,0986879975,3
341,Shara,slearmonth9g@examiner.com,676-912-4941,1427169225,4.75
342,Eugenio,ecraydon9h@cam.ac.uk,150-315-5901,7419892865,4.75
343,Kerri,kpaal9i@seattletimes.com,320-883-0677,0593180941,4.75
344,Merilee,modogherty9j@topsy.com,189-770-2512,2853166341,5
345,Hilde,hmcglue9k@auda.org.au,491-234-4342,4084258296,4
346,Jewel,jtenwick9l@tuttocitta.it,689-567-7831,2705058826,3.5
347,Deina,dgillebert9m@comcast.net,427-874-4118,0708649254,5
348,Domeniga,dwyborn9n@scribd.com,508-926-0326,5027388950,3.5
349,Troy,tfripp9o@princeton.edu,358-974-3967,5854040913,4.25
350,Martina,mguillot9p@paginegialle.it,584-836-9665,0620324864,3.75
351,Ernest,esales9q@jigsy.com,735-454-2835,4823287835,3.75
352,Vinnie,vsyer9r@cam.ac.uk,396-712-2052,7236052280,3
353,Hannie,hwickey9s@ning.com,378-307-4833,4586808691,4
354,Gert,gjorge9t@fastcompany.com,369-482-8414,5280532509,5
355,Roy,rpeotz9u@cisco.com,405-731-6735,9775611873,3.75
356,Gilberta,gcaesmans9v@prweb.com,757-179-0133,2634399448,4.25
357,Clemente,cpettit9w@fotki.com,794-849-1003,0720531047,3
358,Matt,mliversage9x@slideshare.net,925-706-5468,8745983178,5
359,Johnna,jmccabe9y@eventbrite.com,301-755-9514,9064704910,4.75
360,Tuesday,tplank9z@usa.gov,998-245-2288,2877314820,4.25
361,Des,dfaceya0@nymag.com,925-357-9760,8979464150,4.5
362,Ode,owaddilovea1@posterous.com,525-484-6369,0998143162,3.5
363,Feliks,fdevereua2@constantcontact.com,921-903-2581,1574572865,3
364,Lotte,lvonaseka3@ezinearticles.com,914-313-0840,8813971184,4.25
365,Dannie,dsextonea4@opera.com,520-505-2177,8744230680,3.25
366,Isaak,ivigersa5@wikimedia.org,615-978-9591,3907151275,5
367,Barnabe,bcleevelya6@biglobe.ne.jp,704-378-8855,5842808625,4.5
368,Fredi,fpablosa7@ted.com,323-807-6680,4953642163,4.5
369,Max,mchoakea8@desdev.cn,933-384-5671,7472108561,3
370,Gran,gsaunierea9@ameblo.jp,317-854-9855,3202797956,3
371,Debra,ddemorenoaa@fastcompany.com,262-417-1433,7791599406,4.25
372,Alla,abiagioniab@over-blog.com,449-499-4959,0096402512,3.75
373,Caty,cmacdearmontac@salon.com,245-807-5377,1592896421,4.25
374,Randal,rculshawad@yolasite.com,942-814-2516,4200978164,3.5
375,Chery,cstutterae@ed.gov,415-267-8596,8318434595,5
376,Jesse,jklimentyevaf@cisco.com,642-306-8746,0094609659,5
377,Julienne,jpettersag@deliciousdays.com,570-315-6534,0939186942,4.5
378,Shannah,slawlessah@google.fr,793-180-1570,8505533232,4
379,Rollie,rchastanai@google.cn,869-541-1809,0650218272,4.25
380,Rena,rhallettaj@vimeo.com,886-477-5541,2983900711,3.75
381,Jaclin,jbollardak@facebook.com,740-402-9679,1664667032,3.25
382,Jordon,jruggal@bbb.org,374-238-4304,5439253491,3
383,Dory,ddevoteam@feedburner.com,414-892-3716,7614508823,5
384,Charlton,cjakubovskian@tinypic.com,149-142-2673,2867626919,4
385,Rosie,reggersao@printfriendly.com,558-422-7891,7371141792,4.25
386,Maddi,mhodintonap@etsy.com,256-664-2051,5192292212,3.25
387,Sabra,sgallieaq@usgs.gov,332-209-2282,4389932403,3.75
388,Jane,jmckevanyar@tinypic.com,993-461-3390,9517464827,4.75
389,Ardelle,aredrupas@google.cn,281-570-7003,3890956831,4.5
390,Antoni,aheavensat@technorati.com,822-204-7858,1982269839,4.5
391,Brigid,bmcwhinneyau@dion.ne.jp,175-779-7793,0593031032,3
392,Alika,alongboneav@marketwatch.com,285-479-9708,1865839965,3
393,Mair,mzanuttiaw@linkedin.com,991-448-6198,8850481446,5
394,Eolanda,echartersax@cocolog-nifty.com,498-628-4639,7160272412,4.75
395,Nara,ntiffinay@nsw.gov.au,859-715-0857,1343395178,3
396,Bryon,bbustinaz@businessinsider.com,275-368-2895,6592203358,3.25
397,Marin,mgradonb0@live.com,132-520-2448,6542213368,4
398,Cletis,cbodessonb1@quantcast.com,682-359-7076,1131161165,3
399,Caesar,cpichanb2@dyndns.org,777-415-7529,7334646355,3.5
400,Michel,mjobbinsb3@dell.com,763-739-3533,5503463269,4.5
401,Pier,pbeddob4@pcworld.com,103-652-2273,9690791591,3.25
402,Kelila,kasmanb5@cnn.com,737-417-7766,4906334687,5
403,Ellie,emizzib6@linkedin.com,512-528-6908,2613531584,5
404,Abbi,astothartb7@wufoo.com,248-968-4298,0669727377,4.75
405,Marve,mchumleyb8@geocities.jp,707-543-7728,5287379617,3.25
406,Nessa,nlelandeb9@instagram.com,407-631-7046,4415171141,3.25
407,Brewster,bormondba@sakura.ne.jp,734-869-1756,4927715671,5
408,Tersina,theffronbb@nbcnews.com,972-369-8548,8915456211,4.75
409,Carter,charbertsonbc@dagondesign.com,654-568-0024,4013260735,4.25
410,Pip,pcreaseybd@biglobe.ne.jp,715-349-2742,6364600492,3
411,Adina,asimisonbe@theguardian.com,720-524-5911,4930461855,4
412,Rockie,rcavillebf@histats.com,276-264-6972,6326286654,4.5
413,Ned,nricketsbg@de.vu,471-964-8657,9490273759,5
414,Patin,pcurleybh@gmpg.org,801-730-6590,5397805351,3
415,Tanney,tskallsbi@house.gov,887-110-1658,1635661781,4.25
416,Adi,asouttarbj@paginegialle.it,916-359-6677,7011222731,3
417,Erinn,erobertsenbk@symantec.com,316-757-6034,8549742813,3.75
418,Silvia,smatticcibl@examiner.com,557-560-7380,4131317435,4.25
419,Golda,gkeelingbm@is.gd,147-762-8231,5629647156,3.5
420,Clarita,cchurchlowbn@telegraph.co.uk,860-540-0265,0117051187,3.5
421,Pincus,pwalickibo@unc.edu,902-106-3721,3709698243,4.5
422,Baron,btandybp@dyndns.org,626-154-4008,1048491102,3.25
423,Winn,wstorriebq@examiner.com,645-265-7055,7518311658,3.5
424,Charity,cmedewaybr@printfriendly.com,678-998-6316,3935132093,4
425,Phaedra,pthornebs@cnn.com,516-657-8143,3926565756,4.75
426,Bertine,bkeablebt@gnu.org,291-327-1683,0293508062,3.25
427,Hy,hbernhartbu@alexa.com,608-610-5653,5075365493,3
428,Stephie,spargeterbv@soundcloud.com,198-993-1006,5436485677,3
429,Justen,jhammertonbw@google.nl,311-170-5637,9575744918,3
430,Brittany,bhrachovecbx@ebay.com,412-521-4941,0950581275,3.75
431,Micah,mginiby@blogs.com,395-735-6086,1542862116,4.5
432,Imogene,isandisonbz@hc360.com,416-962-8809,5831220621,3.5
433,Gillian,gvieyrac0@gmpg.org,578-315-7717,8401604486,4.5
434,Berkley,bkolakowskic1@ebay.co.uk,300-530-9297,5575988252,3
435,Holt,hidellc2@soundcloud.com,969-631-3066,1602094659,4.25
436,Tome,tfabryc3@a8.net,512-766-8064,3579324993,4.25
437,Lawton,lpuckeyc4@time.com,481-291-3887,5068905844,3.5
438,Whitaker,wricciardelloc5@w3.org,840-641-7616,8923712701,4.75
439,Martina,mlaugheranec6@tripod.com,219-655-4332,2663709042,5
440,Jermaine,jstopfordc7@oaic.gov.au,834-183-5960,7654129289,3
441,Abigael,anormingtonc8@bluehost.com,753-263-4303,7876883052,3.5
442,Arielle,awegnerc9@hibu.com,239-938-9438,7400657437,3.75
443,Orran,ogierkeca@furl.net,446-900-4577,4198087229,3.75
444,Kelcey,kgommerycb@desdev.cn,870-301-4406,0314476296,4.25
445,Eduard,etrevarthencc@businessweek.com,349-668-0681,5673408552,3.5
446,Anjela,abennettscd@google.de,481-881-4056,3229983815,4.25
447,Helenelizabeth,hfedderce@ted.com,100-257-0850,2202359818,4.5
448,Towney,tliggettcf@webnode.com,517-931-7542,5421907953,4.5
449,Fred,fdowecg@nbcnews.com,686-875-4643,0996234551,4.25
450,Tammy,tdudmeshch@ovh.net,853-703-2563,9490114014,5
451,Guenna,gwharfeci@ehow.com,134-892-7102,6577658897,3.75
452,Tobiah,tclitsomecj@google.cn,407-149-8901,3418043909,4.75
453,Tonnie,tbellfieldck@spiegel.de,742-980-8158,6026260390,3.5
454,Angelica,agladbeckcl@uol.com.br,206-787-4644,7192452947,4
455,Ragnar,rbeldhamcm@dyndns.org,263-176-1345,5900725642,4.25
456,Rachelle,rpickovercn@bloglovin.com,621-431-4322,1709250437,4.25
457,Hymie,hledgewayco@wix.com,672-467-3462,6675323997,4.5
458,Llywellyn,lkynclcp@jiathis.com,673-241-1429,7552244232,3
459,Winna,wjorgensencq@chron.com,738-895-2666,4774252980,4.25
460,Erin,ejuszczakcr@ebay.co.uk,234-655-0187,8809647742,3.75
461,Birch,bhaberghamcs@chron.com,176-639-1206,1014444330,3.5
462,Callean,cmatzkaitisct@unc.edu,341-629-4180,2725694833,4
463,Currey,candroletticu@odnoklassniki.ru,439-894-4180,5104414396,4
464,Ranee,rochterloniecv@squarespace.com,110-167-8895,7119544764,4.75
465,Cully,cmapsoncw@ning.com,472-939-0352,0559872089,5
466,Violet,vyieldingcx@aboutads.info,154-525-6464,2164075307,3.25
467,Christen,crichardetcy@xing.com,709-522-1731,1147540306,4.75
468,Etty,elovemancz@discuz.net,390-435-1545,5690768146,3.75
469,Shayne,sedgingtond0@example.com,364-922-0254,4333190444,4.5
470,Maddalena,mtauntond1@miibeian.gov.cn,341-485-0617,1941298087,3
471,Morie,mwoodroffed2@slate.com,109-897-5399,9062251528,4
472,Auberon,apaladinod3@mozilla.org,540-683-8565,0732395623,4.5
473,Felisha,fmanueld4@wikipedia.org,537-389-7762,2927306311,4
474,Vere,vnisbyd5@state.tx.us,462-859-9287,7005909518,5
475,Sukey,sflecknessd6@dell.com,241-246-1614,1783601965,3.75
476,Ealasaid,escowcroftd7@eepurl.com,343-821-7228,6354284806,3.25
477,Sibeal,sbodechond8@cyberchimps.com,362-443-2655,7966053245,3.75
478,Shelagh,slagned9@rambler.ru,432-893-0526,7625842886,3.75
479,Ofelia,oneathda@ow.ly,841-980-4228,8781287526,3
480,Selma,sormeroddb@ucoz.com,887-386-9545,3654056334,3
481,Arni,acruxdc@mysql.com,608-689-8929,1669639339,3.75
482,Adrienne,arobbertdd@shop-pro.jp,567-295-0322,1672116880,3.5
483,Kally,kheustacede@fotki.com,752-614-1586,5726447972,3.25
484,Walther,wsummerfielddf@princeton.edu,468-284-9297,5435505267,3.5
485,Norine,nadamthwaitedg@amazon.com,287-962-1866,0165903732,4
486,Benjie,bmolfinodh@ucsd.edu,105-797-7853,3419827059,4.25
487,Goober,gpiatkowdi@eventbrite.com,450-707-2402,7170439018,3
488,Sauveur,swordsworthdj@webs.com,583-151-1882,0714387304,4.5
489,Annnora,arobertssondk@stumbleupon.com,465-477-7404,6717351098,4.25
490,Arlee,aguerradl@un.org,321-571-7145,6599819680,3.25
491,Lovell,lhalsodm@linkedin.com,953-159-2273,5143186315,3
492,Langston,ljaimezdn@independent.co.uk,912-861-2332,1117424553,4.75
493,Corby,chighnamdo@trellian.com,660-108-4987,9153511360,4.25
494,Zacharia,zcreddondp@ezinearticles.com,811-311-0402,2914429223,3.5
495,Sebastiano,sbowfindq@wordpress.org,267-675-5905,2131245823,5
496,Rollo,rwethdr@is.gd,814-761-4629,0500881014,3.25
497,Terencio,thantonds@patch.com,403-251-8147,9578759398,4.25
498,Kare,keakensdt@shutterfly.com,451-326-3541,1049883446,4
499,Winfred,wberrymandu@si.edu,148-766-1283,6116687792,3
500,Geri,gpovahdv@indiatimes.com,161-909-9630,8457321986,4.5
501,Duncan,djaskowiczdw@wufoo.com,777-377-3837,3889855032,3.25
502,Edy,epaulydx@wikipedia.org,611-464-8062,1277322880,4.25
503,Waylin,wmuckdy@webs.com,706-927-2155,4705903730,3.25
504,Mallory,mdablindz@over-blog.com,441-978-8588,3202957449,3.5
505,Ardine,apirronee0@symantec.com,105-920-0562,0489891950,3
506,Boycey,bedgesone1@123-reg.co.uk,670-883-4032,2235296246,5
507,Antonius,alibreye2@netvibes.com,412-433-8781,8160239831,4
508,Flinn,fcraddye3@cargocollective.com,641-871-9441,9217444464,3.5
509,Tanya,tgebbiee4@redcross.org,871-528-4390,8728060326,3.25
510,Jack,jmichine5@ebay.co.uk,455-179-0441,2190713846,4.75
511,Padget,pdenacampe6@sourceforge.net,181-191-1231,3481221061,4.5
512,Bertie,bharefoote7@ning.com,164-531-7404,6586108993,3.5
513,Ilyssa,idunsforde8@craigslist.org,676-833-0719,4203599857,4
514,Aldrich,ablunsdene9@mapquest.com,458-722-0094,1661026494,3.75
515,Anatola,amashroea@intel.com,423-664-9370,3246211450,4.25
516,Asher,agiovanettieb@uiuc.edu,941-209-2536,8285258726,4.5
517,Dinnie,dgauntec@cargocollective.com,562-651-8920,1417134453,4.75
518,Cammy,clantiffed@dailymail.co.uk,771-281-1048,4652835922,3.5
519,Dotti,dandreaee@ibm.com,901-984-5289,3139309805,4.75
520,Eyde,emaystoneef@blogs.com,161-171-0151,2048730221,4.75
521,Lilla,lwhappleseg@typepad.com,471-539-7887,0865605629,3.25
522,Hartwell,hwyeeh@ft.com,467-267-9692,7703851779,3.25
523,Inga,ibarkesei@gmpg.org,301-161-0997,3544502348,3.25
524,Gerome,garmisteadej@hostgator.com,944-320-7801,0541099434,4
525,Teresa,twolseleyek@google.es,179-209-1713,3537242522,4
526,Darill,dcreddonel@freewebs.com,917-228-0294,1714731057,3.25
527,Desi,dbonassem@npr.org,416-760-3061,4580780876,4.5
528,Hedwiga,hkoselen@wikimedia.org,454-241-3702,9177360974,3.5
529,Allissa,ademancheeo@netlog.com,792-302-1405,0535481055,3
530,Scot,sdemkoep@ft.com,471-754-3055,3363120877,4.75
531,Cary,cbrahmeq@bluehost.com,432-417-5048,1046169777,3.25
532,Toiboid,tcetteller@tiny.cc,766-853-5376,8123246773,3.75
533,Graeme,gyeelles@usnews.com,870-367-5141,6328669844,3.5
534,Cairistiona,cshadwicket@themeforest.net,269-156-1848,2868815553,4
535,Ginevra,gdrackfordeu@paginegialle.it,396-460-2693,1793269343,4
536,Emlyn,emounseyev@netscape.com,817-644-8840,8068990925,3
537,Hyacinthia,hkebellew@etsy.com,414-688-1219,7382368513,3
538,Deanna,ducceliex@fastcompany.com,934-876-1694,7302156360,3.25
539,Adora,anassyey@netscape.com,358-456-4588,3078981010,3.25
540,Samara,scallerez@eepurl.com,659-970-2525,8310930488,5
541,Drugi,dpatillof0@tinyurl.com,448-217-1537,8553408345,3.25
542,Carita,cknightf1@chicagotribune.com,540-433-3436,6519763004,4.75
543,Goraud,gnittif2@studiopress.com,520-970-6511,1076161219,5
544,Silvie,sdumingosf3@google.co.jp,996-995-5125,5637495688,4.5
545,Dilan,djirekf4@utexas.edu,932-721-2003,2583856855,4
546,Andreas,atruef5@reddit.com,162-100-2895,6732927248,3.75
547,Lola,lfloreyf6@360.cn,417-240-6889,9871467575,4.5
548,Devlen,dbrookesf7@indiegogo.com,393-813-9795,2760597563,3
549,Mohandis,mbelchf8@samsung.com,855-643-8636,4246673765,3.5
550,Berk,bhallettf9@google.ca,932-348-2436,4880402303,4.75
551,Goldie,grushbrookefa@blinklist.com,232-482-2924,1365004953,4.5
552,Susanna,sephgravefb@digg.com,495-256-1519,3962018301,3.25
553,Cami,cpardiefc@mapy.cz,636-843-4793,3739598018,3.25
554,Corrinne,cblundonfd@biblegateway.com,263-608-0207,3428024389,3.5
555,Christa,clangstonfe@wix.com,841-401-3433,1931625573,4.25
556,Nalani,nhiomff@storify.com,534-100-8340,4214267508,3.5
557,Andriana,atrayesfg@wunderground.com,818-722-9049,2030906751,4.5
558,Markos,mshillingtonfh@soup.io,233-471-8767,3189742359,3.25
559,Sheffield,sclausnerfi@ameblo.jp,363-998-6150,7680894620,4.75
560,Modesty,mquinellfj@dmoz.org,904-768-8144,7954976998,3
561,Cornie,cheiblfk@miibeian.gov.cn,284-977-4224,8746683518,4
562,Radcliffe,rbeningfieldfl@ameblo.jp,869-973-5728,6207234421,3.25
563,Joni,jwimlettfm@dot.gov,241-278-1483,5023617769,3.75
564,Dacey,dvorleyfn@icq.com,137-295-0187,4924592935,5
565,Shurlocke,sludlamfo@japanpost.jp,142-103-7614,7748056749,3.25
566,Fallon,fnoddingsfp@gravatar.com,325-420-7641,4431462317,4.5
567,Marti,mwerrilowfq@sphinn.com,546-223-4254,7790668161,4.5
568,Welbie,wspanswickfr@columbia.edu,368-784-2418,2674987804,3.25
569,Dar,dbloggfs@nifty.com,785-678-5666,6001457387,3.75
570,Fran,fjanicijevicft@ehow.com,607-527-9760,8230658927,3.75
571,Kylie,kgrumleyfu@imgur.com,859-352-5439,3931094960,4.25
572,Alejoa,akerifv@illinois.edu,517-257-3229,8353276518,4.75
573,Florrie,fscurlockfw@elpais.com,243-615-0712,0596800673,4.25
574,Frans,fruckhardfx@accuweather.com,433-321-0464,6787530927,4.25
575,Darill,dbeachampfy@admin.ch,107-461-3381,0249741156,4.75
576,Elysia,ekennealyfz@imdb.com,415-779-4838,7791502119,4.25
577,Patton,pcarvillag0@istockphoto.com,291-953-1281,2336171813,4
578,Cris,cpaddisong1@slate.com,904-850-3171,9356259941,3.75
579,Price,phanscomg2@usa.gov,162-832-9198,7695472247,3
580,Austin,aalsterg3@pinterest.com,131-366-7396,3422315160,4.75
581,Madalena,mhawting4@home.pl,600-797-4426,3778434128,3.25
582,Maxine,mmacclintong5@yahoo.com,292-227-8624,7164952582,3.5
583,Oberon,obygreavesg6@alexa.com,958-854-5019,7923983909,3.5
584,Ginelle,gbuttrickg7@independent.co.uk,504-487-7883,6033347714,3.5
585,Henka,hkirrageg8@mac.com,789-185-0056,0134824458,4.25
586,Rickard,rpastorg9@msu.edu,861-445-6233,4810624161,4
587,Melonie,mivashovga@nasa.gov,880-724-9497,8962322021,4
588,Margaretha,mshowaltergb@oakley.com,508-491-3996,5947374730,4.5
589,Ricki,rmcquiltygc@eventbrite.com,636-338-4415,0745559964,3.25
590,Galina,gnicelygd@umn.edu,754-487-5681,1458712966,5
591,Arnoldo,aseversge@amazonaws.com,325-180-6397,4379268659,3.5
592,Lorianna,lwilsonegf@narod.ru,574-734-4824,3917859483,3.75
593,Wendy,wrushegg@google.es,588-578-8350,9314670856,4.25
594,Shantee,scockingsgh@biblegateway.com,379-143-4016,0320739368,4.75
595,Sibyl,sfitzgilbertgi@examiner.com,615-218-7889,6901344198,4
596,Urban,uwoodfingj@xinhuanet.com,753-316-6749,7593683990,3.25
597,Hyacintha,hjagielagk@oakley.com,984-204-5783,8853921986,4.5
598,Nalani,nletherburygl@google.pl,279-828-5859,1793440794,3
599,Lillian,lcaretgm@unc.edu,804-292-9268,6955054171,3
600,Skylar,syakubovgn@washingtonpost.com,966-624-7392,8277175949,5
601,Harlan,hmakeswellgo@homestead.com,394-246-1141,3862923789,4
602,Gui,gbeazergp@yale.edu,421-705-9241,1692282557,5
603,Adelaide,asmedleygq@aol.com,338-284-2038,3352586136,4
604,Josee,jfrigotgr@mit.edu,111-597-9722,6973544959,3.5
605,Alayne,aciottoigs@github.com,716-692-6872,2227640308,3.75
606,Jase,jcansdallgt@patch.com,417-787-4597,5221972433,5
607,Alecia,arudeyeardgu@youtube.com,609-341-6103,1414750102,4.75
608,Emmalyn,ejouanningv@vimeo.com,995-995-2906,2438162716,4.5
609,Jozef,jforstergw@boston.com,317-755-2984,8939713486,3
610,Kirby,kbuckegx@ebay.com,793-588-3140,0353688711,3.75
611,Skip,sdonahogy@tripod.com,755-666-2414,8668716069,4.25
612,Marie-ann,mtorregz@livejournal.com,600-716-8816,0759457123,3.5
613,Lodovico,lhaythornh0@desdev.cn,352-888-5235,4486378288,4.25
614,Miles,mglassfordh1@pinterest.com,530-739-5652,2243942755,4.5
615,Marsh,mgrottyh2@usda.gov,796-831-8410,9296146046,3
616,Sonja,sglassonh3@squarespace.com,540-132-8534,1468539892,3.25
617,Shell,smunnh4@psu.edu,217-258-3396,6443418352,4.75
618,Electra,emadrellh5@livejournal.com,786-455-3049,5043869429,4.5
619,Korry,kandrissh6@vk.com,133-927-1368,0986291420,5
620,Gretna,gyoellh7@bing.com,618-339-0997,0283346086,3.5
621,Golda,gdukerh8@xing.com,496-951-2816,2787444210,3.25
622,Catlee,cneillyh9@techcrunch.com,429-274-1072,9931249536,4
623,Jonathan,jdunha@scientificamerican.com,975-351-8538,9426690271,3.5
624,Briny,bitzcovichchhb@businessweek.com,903-926-8902,3031110048,4.75
625,Dex,dbartkehc@cyberchimps.com,439-272-2317,4466216940,4
626,Christoper,ctowhd@upenn.edu,322-674-0847,5155108144,4.75
627,Didi,dridsdalehe@theatlantic.com,150-435-3247,2598643313,3.5
628,Adelaida,awickenshf@artisteer.com,549-804-2438,1469730561,4.75
629,Jolene,jkinnenhg@studiopress.com,740-245-9070,4909655883,4
630,Atalanta,apritchetthh@github.com,353-411-1637,7217251079,4.5
631,Hube,hmullishi@scientificamerican.com,637-506-4993,0298731509,4.75
632,Emlyn,eskepperhj@statcounter.com,737-476-9024,0660303310,3.5
633,Milicent,mmatterfacehk@dion.ne.jp,263-705-7351,0814643205,3
634,Boycey,blaveryhl@prlog.org,477-230-5686,3752092769,5
635,Lanita,lrushmarehm@harvard.edu,373-880-4355,8015792096,3
636,Dilly,dgamonhn@ca.gov,963-320-5655,7104670920,4.25
637,Franzen,fbennellickho@sphinn.com,797-958-2303,5693563421,4
638,Debbi,dkarethp@go.com,805-967-5035,8398762365,4.25
639,Addison,aridulfohq@washington.edu,313-680-6585,5422120515,4
640,Minor,mscoateshr@rediff.com,660-367-8763,1422599981,4.75
641,Isadora,ilejeanhs@spotify.com,732-442-9477,0840082207,3.75
642,Nan,nspriggenht@last.fm,337-107-5497,8173170622,3.75
643,Henderson,hschimekhu@weebly.com,216-345-2218,5633079620,5
644,Rock,rcomettohv@miitbeian.gov.cn,885-127-4349,1303527286,4
645,Ericha,emacgauhyhw@yale.edu,988-633-1204,3918614581,4.75
646,Geordie,gcallejahx@devhub.com,221-230-3855,1676018743,3.75
647,Brucie,bsetteringtonhy@indiatimes.com,976-487-9418,2359440519,5
648,Sunny,snorewoodhz@va.gov,384-425-1338,7543936119,3
649,Ado,asabbani0@angelfire.com,198-580-4792,7846931296,3
650,Bennie,bmougeli1@constantcontact.com,227-397-6793,4636832310,3.75
651,Kelly,kbaitmani2@twitpic.com,898-195-2968,6058607272,5
652,Dorise,dpowdrelli3@purevolume.com,484-376-5887,8012546620,3
653,Orsola,ogodbyi4@flavors.me,766-800-9685,0139373268,3.75
654,Jerrilee,jsignoreti5@uiuc.edu,923-782-7848,7278002214,3.75
655,Edwina,edoolandi6@hc360.com,203-732-7313,3087506044,5
656,Marlin,mgrenvillei7@cdc.gov,233-365-3589,1205565906,3.75
657,Nicola,nklosi8@state.tx.us,217-386-7902,9485278640,3.5
658,Alameda,alexai9@independent.co.uk,107-222-2816,2680060644,4.75
659,Shelby,savoryia@google.com.hk,481-157-6462,4767653398,4.5
660,Myrtia,masplenib@slashdot.org,714-720-0051,8025411761,4
661,Federico,fbarnsleyic@paypal.com,306-755-0281,1774475944,3
662,Flss,fjiranekid@github.io,713-819-3851,5987331307,3
663,Arabel,asteaneie@plala.or.jp,943-571-1701,1439995885,5
664,Ruthe,roshielif@comsenz.com,178-844-2359,4999988216,4.5
665,Ninette,ntaddig@geocities.jp,918-990-8990,9521048557,4.75
666,Johan,jfarendenih@salon.com,157-984-7477,4100726589,4.25
667,Gianina,gnaulii@ftc.gov,113-226-2539,0885535677,5
668,Barbi,bstoutherij@com.com,350-403-6719,8329223973,4.25
669,Minnnie,medessik@vk.com,628-300-2242,7170847299,3.5
670,Fidelio,fcloneyil@over-blog.com,650-133-5736,2481334868,3
671,Florentia,fblumireim@gizmodo.com,845-420-7694,8784236094,4
672,Jewelle,jjessonin@pcworld.com,899-173-1458,5651554432,3.75
673,Janek,jaharoniio@parallels.com,125-459-3431,3104643466,3.5
674,Sheelagh,strippickip@digg.com,891-165-0019,9856707730,4.25
675,Addison,acolemaniq@photobucket.com,793-211-3182,5986351541,4
676,Glory,gmapsir@issuu.com,636-296-7030,0583131336,3
677,Cordi,cromeois@netscape.com,194-423-4851,6432509688,3.5
678,Raff,rcockrillit@redcross.org,908-794-1981,6511739236,3.25
679,Renie,rweeklyiu@state.gov,142-309-5368,7404184339,4.75
680,Rivy,rjennaroyiv@ustream.tv,250-132-3564,2315206480,4
681,Alena,aweldrakeiw@ox.ac.uk,613-357-5369,8279396438,4.25
682,Forrest,fallibertonix@geocities.com,965-891-8559,7162192149,3.75
683,Susi,sbottrelliy@google.ca,756-109-3975,0574572341,4
684,Tabby,tbeedelliz@theatlantic.com,484-159-0377,0804087415,4.25
685,Winnie,wsturgesj0@123-reg.co.uk,736-193-9552,2174236699,3.5
686,Jere,jpedersenj1@meetup.com,472-121-5058,8151291087,5
687,Casey,cpollenj2@japanpost.jp,380-897-8052,1487375158,4.75
688,Chiquita,ccosgreavej3@imdb.com,712-515-5692,3159032892,3.75
689,Emmaline,eferreaj4@usgs.gov,668-922-9400,8500006552,4
690,Carmen,cbaxendalej5@ftc.gov,903-283-2675,0863876269,4
691,Lyndsie,lblencowej6@netscape.com,249-315-3481,5975723396,3
692,Roi,rjeskinj7@rediff.com,344-907-5184,6093751139,4.75
693,Eartha,eivanichevj8@plala.or.jp,862-352-2043,1688384456,3.5
694,Moshe,mledsterj9@sina.com.cn,183-537-5258,1022249630,4
695,Waylin,wmilksopja@ted.com,282-259-9911,5738956184,3.5
696,Lizzy,lrosierjb@comcast.net,308-487-3578,8948680609,4.5
697,Auria,aissacjc@abc.net.au,644-647-6421,6110424358,3.25
698,Carlos,cbrasonjd@usnews.com,209-574-1514,8408504096,3.5
699,Mitch,mmowsdaleje@github.com,575-996-8783,3939927740,3.75
700,Briny,bgoulthorpjf@skyrock.com,172-205-0739,7316101016,4.75
701,Nancy,ngoodgejg@europa.eu,223-619-2643,5491419168,3.25
702,Andriette,afaynejh@oracle.com,178-280-8139,5109671087,3.5
703,Cristen,clanhamji@amazon.de,460-405-7461,7884089688,4.5
704,Mischa,mbraidonjj@sohu.com,894-532-8021,4195202167,4
705,Perice,pcromleyjk@ucsd.edu,725-427-2255,4474650107,3.25
706,Sal,sstationjl@php.net,802-506-8191,7017564081,4.25
707,Siusan,sbaffinjm@yolasite.com,475-500-8791,8818621319,5
708,Loralee,lcallesjn@vk.com,477-289-7684,3895003441,3
709,Keith,kkinmondjo@prweb.com,491-876-0438,2177935806,4.25
710,Maryjane,mfrangionejp@bbc.co.uk,138-656-2682,1588456587,4.5
711,Margo,mastilljq@cnet.com,952-410-5034,1594506345,4
712,Magdaia,mcotmanjr@indiatimes.com,633-419-7552,4328819178,5
713,Joachim,jcarbinejs@rambler.ru,422-673-6840,4927572536,3.75
714,Dalis,dphalpjt@amazonaws.com,704-410-6392,5676933976,3.5
715,Collen,cgroutju@upenn.edu,584-675-0819,4954183162,4.5
716,Kerry,kabelajv@taobao.com,510-528-6029,8805458902,4.25
717,Madonna,mbreconjw@geocities.com,123-179-0188,9008070561,4.25
718,Ferdinanda,fgeramjx@ucsd.edu,310-119-5937,7951117099,3.25
719,Jessi,jbrumptonjy@guardian.co.uk,270-766-5158,5331058868,3.25
720,Adan,apaulonjz@addtoany.com,825-999-7409,9118297455,4.25
721,Lynnea,lrainsburyk0@goodreads.com,329-915-5688,4432967994,5
722,Joelle,jlaityk1@loc.gov,325-470-9957,3533328082,3
723,Nedda,nhawkyensk2@miibeian.gov.cn,880-668-1624,6127335388,3.5
724,Ogdon,ohearonk3@google.ru,481-516-8569,1644574977,3.75
725,Sigvard,slaxsonk4@netscape.com,488-789-2587,7134328376,4.5
726,Woodman,wcullenk5@nyu.edu,610-673-4352,9050335063,5
727,Fawn,fbonnellk6@themeforest.net,619-470-7260,1048664562,4.5
728,Adrian,amcnicklek7@psu.edu,546-100-5255,9336543962,3.5
729,Iormina,imacconachyk8@elpais.com,364-856-5914,5194971079,3
730,Gilles,gsimkinsk9@squidoo.com,456-436-4274,6655250978,3.5
731,Aggi,atearka@barnesandnoble.com,730-529-7820,0418515220,3
732,Ariel,acranstounkb@squidoo.com,306-934-5446,7180010960,4.75
733,Jamima,jheyballkc@elpais.com,412-773-5902,6712565286,5
734,Dorette,drappportkd@instagram.com,912-598-4980,8367321332,4.5
735,Malva,mwinderke@sohu.com,316-698-0153,0517452952,4.5
736,Myrle,mfilchakovkf@bigcartel.com,827-283-1199,1568849826,4.5
737,Maxie,mflatleykg@live.com,934-143-3310,7409032421,5
738,Garv,gbaystonkh@scribd.com,959-249-3781,7697179776,4.25
739,Antons,adockerki@photobucket.com,510-897-1504,2540288758,3
740,Pace,pmichelkj@icio.us,340-290-0711,5343892167,3.5
741,Brantley,bjaillerkk@patch.com,595-671-3018,7444753288,4.25
742,Nikolaus,nrennickskl@illinois.edu,393-390-9850,5972245698,3
743,Gizela,glozanokm@dedecms.com,170-167-9280,3040014641,4.75
744,Terri-jo,tcrosenkn@ibm.com,100-230-0614,1034286188,4.75
745,Hill,hcolegroveko@de.vu,170-483-6914,0514726350,4
746,Roxie,rcannicottkp@statcounter.com,686-109-7094,5452656758,4.5
747,Kain,ksargeantkq@netscape.com,346-759-2691,2008614719,4.25
748,Ruthe,rkenworthykr@hc360.com,469-271-8251,5686740763,3.25
749,Cacilie,cflohardks@i2i.jp,518-100-6499,1543309968,5
750,Libbi,losharrykt@npr.org,219-878-1680,4880361410,3.25
751,Roger,rbiaggelliku@sakura.ne.jp,916-560-4549,6439048775,4.5
752,Nahum,ngeanekv@mozilla.com,789-319-9288,5479466704,4
753,Stormy,spolhillkw@microsoft.com,958-576-5726,7171058859,4
754,Etty,elowndesbroughkx@walmart.com,665-853-8126,3386444903,4.5
755,Elsi,ecarrabotky@toplist.cz,773-819-5941,7035448217,3.25
756,Stearne,sbergeonkz@trellian.com,441-815-8702,5330913942,5
757,Scotty,spengelleyl0@alibaba.com,600-284-6039,6758629414,4.75
758,Hercules,hbradburyl1@imageshack.us,603-549-1605,2550279026,4
759,Korey,kdealyl2@google.com.hk,759-347-4709,5408765253,3.5
760,Reuven,rbeachampl3@usa.gov,728-446-5941,4530828298,5
761,Tomkin,tmaccolganl4@aboutads.info,573-640-2785,9732533927,3
762,Laney,lbinksl5@feedburner.com,245-930-2501,4046208333,4.25
763,Roselin,rpoveyl6@canalblog.com,802-168-3022,7127040699,4.5
764,Romona,rbillsonl7@china.com.cn,206-877-6300,9144954352,5
765,Win,wleerl8@so-net.ne.jp,238-336-9199,1983483737,3.75
766,Gratiana,gpeachl9@unicef.org,654-506-1022,4039373065,4.25
767,Faye,fcockertonla@ihg.com,938-565-5163,4202601114,4.5
768,Elisabetta,ethorbonlb@blogs.com,830-324-9260,5415627502,4.5
769,Farlay,fcoplestonelc@trellian.com,965-930-4806,2986880274,3.75
770,Barnabe,bbransomld@forbes.com,781-607-5081,3255351960,5
771,Nadeen,nocorrle@is.gd,611-291-5576,0160050693,4.5
772,Ada,asplevinglf@craigslist.org,923-562-6698,1102881627,3.25
773,Carroll,cbrunkerlg@shinystat.com,817-883-6318,7743898040,4.75
774,Bennett,bmiddlerlh@dagondesign.com,179-830-6985,6835953306,4.5
775,Allix,ajamiesonli@homestead.com,932-533-6326,5003752369,4.75
776,Marjy,mburgoinlj@accuweather.com,843-441-9835,9710409905,4.5
777,Jessica,jcarduslk@google.co.jp,205-750-2585,9454656643,3.75
778,Delmer,ddaunceyll@sina.com.cn,716-274-5338,1071923463,4
779,Hollis,htitmusslm@amazon.de,479-181-2203,6377544677,5
780,Lucinda,lcardenln@paypal.com,733-740-3337,7374227019,3.5
781,Giulia,gleallelo@linkedin.com,570-580-2869,4403676189,4.75
782,Elihu,emaleclp@ft.com,733-720-8797,8919693927,3.25
783,Lilah,lbaallq@last.fm,778-261-8521,0071236988,3.25
784,Brose,bquernellr@aol.com,640-589-3174,3949457992,5
785,Thurston,tbayfieldls@nyu.edu,851-376-3307,5880422771,3.25
786,Kearney,kisakoviclt@odnoklassniki.ru,634-882-9090,1184266077,4.5
787,Carrol,cherreranlu@issuu.com,558-618-8880,1210597888,3.25
788,Mendie,mtrevorrowlv@smugmug.com,791-789-6553,0763392987,3.25
789,Monah,mnellw@paginegialle.it,320-433-9228,2063027803,5
790,Lenee,lpitrellilx@opensource.org,869-203-7024,7622689572,3.25
791,Paulie,prheaumely@vinaora.com,512-980-8397,3263526804,5
792,Mady,mticknerlz@storify.com,805-268-2318,3596663369,3.5
793,Ginny,ggrishkovm0@soup.io,915-547-9316,5580993773,3.25
794,Sauncho,smetzelm1@w3.org,937-378-8971,4845059800,4.25
795,Jehu,jhanrahanm2@taobao.com,703-652-2115,4301699430,5
796,Pattie,pmastersonm3@reuters.com,389-400-9360,7461965875,3.25
797,Allistir,abartosm4@dion.ne.jp,136-891-4213,7130027452,3
798,Rosetta,rtrathanm5@europa.eu,481-704-4102,8449827787,3.25
799,Rubina,roldroydm6@symantec.com,427-940-7878,9386884577,5
800,Clo,csparem7@123-reg.co.uk,457-954-1694,8506751942,3
801,Hayyim,hstovenm8@senate.gov,879-689-8115,2057197174,4
802,Pam,pphilpsm9@sbwire.com,267-278-5640,7747661576,3.75
803,Tristan,tpieronima@house.gov,368-284-2877,8652045194,4.75
804,Ellwood,ecoonihanmb@yellowpages.com,707-226-6760,8162275924,4.75
805,Mart,mcordetmc@themeforest.net,375-736-1967,3198576792,4.5
806,Nike,nmaltmanmd@moonfruit.com,931-764-4995,2176772644,4
807,Robinett,rroscoeme@icio.us,908-259-8005,6405051153,4.75
808,Clerissa,cjinkinsonmf@edublogs.org,754-781-0622,1745767223,4.75
809,Katine,kandriollimg@reddit.com,602-552-9262,3074449535,3
810,Lucinda,lboothmanmh@ocn.ne.jp,328-387-5335,3971357466,4.75
811,Elton,ecattomi@bbb.org,654-121-4224,1654940003,4.75
812,Dana,ddouchemj@pinterest.com,844-720-1409,1034011030,4.5
813,Pen,pkopacekmk@mit.edu,375-797-5825,9090334262,4.5
814,Tildi,tolageneml@google.com.hk,682-558-8424,2069316661,4.25
815,Tamara,tjimemm@edublogs.org,429-902-2782,2069751457,4
816,Ewan,eshrevemn@yellowbook.com,420-544-1227,7042496345,4.5
817,Eba,ebainbridgemo@blogspot.com,156-320-2082,7156840304,3.5
818,Thornton,tisacmp@ft.com,243-446-9404,5019383120,3
819,Richard,rwraggemq@joomla.org,654-843-8476,0457286865,4.25
820,Felice,fheinertmr@thetimes.co.uk,796-509-8921,1999756347,4.75
821,Ennis,etirreyms@yandex.ru,844-211-3018,4414678250,4.5
822,Wylma,wseinemt@cloudflare.com,828-726-0236,9256419386,5
823,Cassie,ctollitmu@npr.org,424-151-0099,0330188046,4.75
824,Clementine,cdsouzamv@1und1.de,948-930-5531,1292024453,4.5
825,Rollie,rswinnardmw@narod.ru,575-240-7639,8617278587,3
826,Karita,kkasselmx@t.co,448-442-2048,0803222866,4.25
827,Flori,fnisslemy@friendfeed.com,551-107-9578,5025485630,4.5
828,Cherey,cluckeymz@hexun.com,713-155-0912,8944726205,4.25
829,Margie,mdinseyn0@stumbleupon.com,799-371-8347,1305900782,3
830,Samuele,syggon1@yolasite.com,970-467-5043,4421427527,3.75
831,Byrann,bgarvann2@goo.ne.jp,314-130-0292,7056574645,4
832,Eva,etaffurellin3@pbs.org,600-697-5150,5346450661,4.75
833,Alysa,apalisern4@omniture.com,766-213-2854,3972849222,3.75
834,Velvet,vrosinn5@sohu.com,437-975-3089,5283706788,4.75
835,Nicolea,nyeolandn6@un.org,881-262-5847,8175093595,4
836,Moses,mgravesonn7@washington.edu,993-992-2202,2108725962,4.5
837,Brynne,bconkien8@yellowbook.com,297-841-6472,5813371176,3.25
838,Nicholle,nogradyn9@lycos.com,706-689-4918,1550206761,3.25
839,Henryetta,hpaikena@auda.org.au,175-960-3832,9461291124,4.25
840,Shayla,sorrettnb@paginegialle.it,846-976-4667,2857110251,4.75
841,Oberon,olemonnc@privacy.gov.au,556-508-0969,3024230645,3
842,Alonso,anorthingnd@php.net,921-787-5390,7835022672,3
843,Jennilee,jernine@mac.com,321-388-1198,1012587193,3.25
844,Davide,dsearlesnf@wordpress.com,525-749-5155,1954617313,4
845,Garland,gfrancktonng@yale.edu,362-838-3651,8042491107,3
846,Glenine,gheisnh@alexa.com,866-321-1296,9409955092,3.25
847,Bob,bklarzynskini@moonfruit.com,881-877-1551,6252406074,4.25
848,Dorene,dlehrernj@yahoo.com,211-536-0191,9944748978,3
849,Suzy,scunniamnk@jiathis.com,659-800-0899,6889071220,4
850,Turner,tbaudaccinl@homestead.com,300-583-7180,7934334338,4.25
851,Alaine,amacilorynm@altervista.org,415-344-0292,6190855075,3
852,Godard,ghamssonnn@hugedomains.com,760-327-5631,8307791421,3.5
853,Spense,sdibnerno@w3.org,365-526-9225,3500570240,5
854,Andy,aboltenp@bloglovin.com,661-812-3201,6459094896,3
855,Natala,nmuscottnq@alexa.com,378-279-4891,9275919534,4.75
856,Jobie,jbampforthnr@woothemes.com,927-682-6099,0384707432,3.5
857,Valli,vgaylardns@clickbank.net,153-735-6522,1952157242,3.75
858,Brocky,bdraysaynt@amazon.co.uk,210-482-7979,3147785432,4
859,Marv,mswiffinnu@hc360.com,183-610-6977,3070455719,4.5
860,Cherilyn,cknowlsonnv@4shared.com,398-640-8214,8324877401,5
861,Mic,mwoakesnw@biblegateway.com,995-105-0962,1632464217,4.5
862,Care,cdavisonnx@scientificamerican.com,893-459-4345,8367571584,5
863,Atlante,ashinnerny@salon.com,306-161-2032,4141355372,4.5
864,Berna,bcapelownz@toplist.cz,841-231-1531,5805068230,3.75
865,Arlana,atrowlo0@nymag.com,497-793-4704,3872844741,4
866,Rheta,rsouthernso1@dagondesign.com,564-547-8352,8406192607,4.5
867,Jolynn,jrobothamo2@mit.edu,359-205-9682,9338286223,4.5
868,Remy,rmaliffeo3@bloglines.com,766-777-6436,0035626577,4.75
869,Lura,lmagowano4@ameblo.jp,652-737-3125,2628892537,4
870,Herman,hlippiatto5@mysql.com,836-524-5098,0977677257,3.25
871,Tersina,tkleineo6@pcworld.com,618-822-3511,2158706805,4.5
872,Yancey,ybenito7@shareasale.com,743-412-4934,2312598213,4
873,Susie,snajafiano8@ebay.com,865-952-6507,6091857452,3.75
874,Ebenezer,ejanocho9@soundcloud.com,702-774-2814,6765071563,3.5
875,Ray,rgrationoa@thetimes.co.uk,935-177-6236,9204645237,3.25
876,Helyn,hwedgeob@youtu.be,307-221-0629,0740613537,3.25
877,Annie,agordgeoc@privacy.gov.au,394-792-5928,6944231050,4.5
878,Adria,amottonod@acquirethisname.com,411-528-7118,1601967586,3.75
879,Cosmo,cagneyoe@ning.com,722-577-9696,3196077357,3.25
880,Hube,htuckof@mlb.com,996-833-5014,2921068842,5
881,Jeffry,jgreenoog@altervista.org,163-867-3336,8264562507,4.75
882,Karel,kfarndaleoh@bing.com,940-153-5259,3024032983,3.5
883,Berky,btadlowoi@creativecommons.org,878-342-5040,0612254119,3.75
884,Hertha,hturnoj@ucoz.com,121-870-3076,4105577255,5
885,Morey,mmatthaiok@elegantthemes.com,508-607-9358,7833675687,4.75
886,Christa,cocodihieol@linkedin.com,872-478-4144,3413048449,3.75
887,Lauritz,lgounodom@cyberchimps.com,852-692-3745,9515974623,5
888,Emilia,eionnon@biglobe.ne.jp,878-576-4480,0590847538,3
889,Xerxes,xdulyoo@theglobeandmail.com,495-544-9160,6766086726,3.75
890,Fields,fmattinsonop@a8.net,754-579-0389,3079618793,3.25
891,Skyler,sputtickoq@people.com.cn,362-575-0261,5430720119,3.75
892,Jarad,jraddishor@hibu.com,721-889-9273,5643194732,3.5
893,Archambault,amoormanos@ucoz.com,425-167-2212,4552734881,3.75
894,Lawton,llucusot@samsung.com,745-496-6616,3261699876,4.25
895,Lilly,lpardoeou@japanpost.jp,892-892-3438,7383695143,3.25
896,Orazio,obevensov@kickstarter.com,379-310-8349,5536058444,3.5
897,Jodie,jdonaherow@youtube.com,315-261-1154,8778669111,3
898,Arlyne,aduckitox@upenn.edu,463-818-0685,4896363639,4.25
899,Wainwright,wkirkwoodoy@imgur.com,120-988-2332,8888446338,4
900,Russ,rpikesleyoz@disqus.com,975-300-1305,8902720772,3.25
901,Rozamond,rhailep0@github.io,420-721-3312,5828568795,4
902,York,ysauntonp1@ycombinator.com,907-979-1580,0955146429,3.5
903,Madlen,mclohissyp2@blogspot.com,927-299-4524,7030159527,3.25
904,Myles,mshadwickp3@artisteer.com,256-920-3473,7289824423,4.75
905,Jessie,julyatp4@independent.co.uk,477-935-7561,9147005866,3
906,Leonora,lbiscombp5@omniture.com,957-405-2601,2423298803,4.5
907,Madelon,mberrisfordp6@360.cn,769-306-6868,7316349182,5
908,Robin,rburganep7@google.de,787-691-1901,1833152441,3.25
909,Claire,cmeardonp8@fc2.com,877-783-9423,3097209360,5
910,Axe,adenerleyp9@sourceforge.net,586-941-5394,2397120429,3.75
911,Cynthea,cporchpa@jalbum.net,122-374-8622,8595509387,4.5
912,Lee,lohagertypb@desdev.cn,819-670-6284,5758824607,5
913,Welsh,wcourtenaypc@vk.com,908-649-4355,5163035568,3.25
914,Simonette,sgyvespd@wunderground.com,157-133-9399,6052215526,4.25
915,Gaye,ghughillpe@spotify.com,509-510-5331,8631581615,3.25
916,Alis,alamzedpf@eventbrite.com,544-345-7715,7518961113,3.5
917,Maurizio,mwahnckepg@i2i.jp,403-418-3596,2434665845,3
918,Orson,otiffinph@ocn.ne.jp,631-458-0094,8657194236,3
919,Conant,cschwandermannpi@addtoany.com,773-470-0269,8391892727,4.5
920,Deeann,dpurdompj@cpanel.net,748-727-8690,1071514911,3.25
921,Rosabelle,rbecerilpk@networksolutions.com,965-494-8314,6682860676,4.5
922,Angelita,aupjohnpl@microsoft.com,339-491-6328,3906507688,3
923,Balduin,bgavozzipm@tuttocitta.it,598-564-4278,8145865786,4
924,Sutherland,senrightpn@cloudflare.com,750-436-6472,5739240336,4
925,Leonardo,lkeeneypo@sitemeter.com,722-831-1509,0612166287,3.5
926,Kiah,kkelbypp@artisteer.com,169-575-0740,5869197082,4.75
927,Barnie,bcharkpq@fastcompany.com,846-220-4394,5933294330,4
928,Goldy,gcattersonpr@ox.ac.uk,190-428-0956,1694104532,3.5
929,Allistir,amassinghamps@sitemeter.com,660-581-2061,3769899377,3.5
930,Else,etoopinpt@indiegogo.com,428-402-8082,0203856163,3.25
931,Rutter,rferrellipu@miitbeian.gov.cn,959-408-3216,0062884263,4.75
932,Nariko,npedrolpv@unc.edu,861-712-8263,2626100366,5
933,Shane,spearcehousepw@scribd.com,750-745-6170,3281464505,3.75
934,Koressa,ktimspx@tinypic.com,202-459-0030,7101238823,4.5
935,Kristofor,krameaupy@apple.com,110-181-5363,0239414322,4
936,Rudolph,rcoughlanpz@pcworld.com,755-360-0288,1309516901,4.25
937,Filmore,fmartinuzziq0@foxnews.com,865-872-1325,7270074534,4
938,Philip,pthrowerq1@youtu.be,415-266-7026,3259834079,5
939,Elspeth,edombrellq2@printfriendly.com,339-611-2935,4811859863,3
940,Iain,ialstonq3@theglobeandmail.com,227-822-3901,9610363741,3
941,Nertie,nabraminoq4@walmart.com,589-898-0366,0405626053,4
942,Nestor,nsimioniq5@weibo.com,139-175-1460,3612591789,3.5
943,Kaleena,klabbetq6@pinterest.com,431-789-2987,7818931414,3.75
944,Zechariah,zfotheringhamq7@ox.ac.uk,482-458-3694,9128761065,3.5
945,Gilda,gscrauniageq8@mac.com,713-671-3393,0126216320,3.75
946,Darcie,dheadeyq9@ow.ly,831-105-8650,1025216237,5
947,Mozelle,mkardosqa@nydailynews.com,861-617-0570,8666024194,4.5
948,Oliver,opuckeyqb@wiley.com,790-203-0201,1932280022,4.5
949,Christean,cstrathernqc@constantcontact.com,349-274-4288,1690823690,3.5
950,Kinna,kbendqd@ustream.tv,472-161-9019,6909526260,3.25
951,Vassily,vhavickqe@dyndns.org,609-280-1530,9065939164,4.75
952,Elicia,eprestageqf@hatena.ne.jp,635-567-3952,8189411241,3.5
953,Jenine,jwallentinqg@tripod.com,146-949-3792,7103398070,4.5
954,Laurens,leaddyqh@loc.gov,573-240-2278,5311592761,5
955,Beret,btrynorqi@icq.com,797-939-1830,9813789433,4.75
956,Demeter,dzoliniqj@sfgate.com,729-657-7324,7718048365,3.25
957,Jamie,jkenzieqk@bandcamp.com,858-269-9048,7569319419,4.75
958,Candi,csemperql@samsung.com,561-814-4178,9906935553,3
959,Sybille,sfrancesconeqm@sciencedirect.com,976-218-6592,2375826620,3.5
960,Sue,sdmychqn@wikia.com,486-340-9816,6397820122,3.25
961,Hamel,hgladecheqo@goodreads.com,826-276-0543,2404671987,3
962,Fan,fpersenceqp@wsj.com,968-267-4236,9151494515,4.25
963,Hildagarde,hbrooseqq@msn.com,405-684-8618,7146253724,4.25
964,Pascale,psteffensqr@mail.ru,743-919-9071,5214655614,4.5
965,Angelico,afiddimanqs@cbslocal.com,895-919-1994,7240641341,4.75
966,Cassius,cdarellqt@odnoklassniki.ru,506-225-3737,4070604812,4
967,Gracie,gaddyqu@joomla.org,681-975-8532,1855198142,4
968,Jerrylee,jizhakqv@themeforest.net,811-374-6967,3195375745,3.25
969,Dominga,darmigerqw@ftc.gov,666-885-7582,7516137057,4.25
970,Noah,nwelfareqx@uiuc.edu,159-305-8742,4325545646,3
971,Val,vseagoqy@mlb.com,773-378-8507,9839410490,4.75
972,Joane,jfrottonqz@accuweather.com,271-230-0333,5258215989,3.5
973,Lydon,larrowr0@parallels.com,503-455-1613,4700357932,3.25
974,Jess,jbolanr1@webmd.com,632-226-6019,6123875531,3.75
975,Vanna,vrishworthr2@adobe.com,836-115-2853,1727556259,4
976,Jaclin,jchristofolr3@people.com.cn,672-216-1084,5882265096,3.75
977,Cate,cbanviller4@fc2.com,829-657-2600,5803730300,3.5
978,Polly,pwolstencroftr5@hud.gov,110-651-4406,6689383482,4.5
979,Hussein,hhardimanr6@timesonline.co.uk,629-775-9799,8958305975,3.25
980,Alejandrina,aellingtonr7@cmu.edu,849-694-4356,8234042548,3.5
981,Padgett,phassanr8@free.fr,605-664-8691,0730379604,4.25
982,Kerry,kstockeyr9@phpbb.com,217-937-5679,8718347835,3.25
983,Remington,rschafflerra@wikispaces.com,243-375-0532,8457728792,4.75
984,Willie,wallertonrb@tiny.cc,359-477-3047,4243418101,3.75
985,Constancy,cbarwackrc@amazon.de,381-207-4891,6969519236,4.25
986,Budd,bwontnerrd@phoca.cz,233-327-8607,2673762841,3
987,Nickey,nveaseyre@engadget.com,148-629-3308,3389427023,3.5
988,Luce,llongorf@abc.net.au,292-651-9021,2061168035,4.25
989,Gayler,glowtenrg@exblog.jp,692-184-1646,4624814460,4
990,Melisse,mmacnucatorrh@nhs.uk,162-818-4266,3601589303,3.5
991,Glyn,ggrunguerri@usatoday.com,229-217-0436,0641539010,3.5
992,Jyoti,jfissendenrj@ibm.com,289-297-0380,1724863312,4.75
993,Tedman,tratleerk@liveinternet.ru,317-518-7789,3352759529,4.5
994,Giles,gfancerl@php.net,378-194-0659,1717365426,4.75
995,Cariotta,cheapsrm@webs.com,454-185-5692,9522833835,3
996,Ellwood,emizzirn@time.com,914-483-3341,1015523102,4.25
997,Urbanus,utorrittiro@amazon.co.jp,483-466-3286,7700078378,3.5
998,Sallie,shoffmanrp@purevolume.com,286-164-5969,6799871929,3.75
999,Celia,cbernolletrq@tinyurl.com,100-817-8125,7871252488,3.75
1000,Tracy,tmacrorr@odnoklassniki.ru,170-905-9020,2456121244,4.25
